Workbook

Sheet Moving Average (MA-3)
A1: METODE 1: MOVING AVERAGE (MA-3) — PREDIKSI HARGA SAHAM
A2: Prediksi Hari ke-n = AVERAGE(Aktual n-3, n-2, n-1) | MSE = Σ(Aktual − Prediksi)² / n
A4: Parameter: | B4: Periode MA (k) | C4: 3 | D4: ← Ubah nilai ini untuk ganti periode MA
A6: No | B6: Tanggal | C6: Harga Aktual (Rp) | D6: Harga Prediksi MA-3 (Rp) | E6: Error (Aktual−Prediksi) | F6: Error² (Aktual−Prediksi)² | G6: Keterangan | H6: |Error| / Aktual (Absolut %) | I6: MAPE Kontribusi (%)
A7: 1 | B7: 01 Jan 2024 | C7: 7200 | D7: — | E7: — | F7: — | G7: Tidak dihitung (data awal) | H7: — | I7: —
A8: 2 | B8: 02 Jan 2024 | C8: 7350 | D8: — | E8: — | F8: — | G8: Tidak dihitung (data awal) | H8: — | I8: —
A9: 3 | B9: 03 Jan 2024 | C9: 7100 | D9: — | E9: — | F9: — | G9: Tidak dihitung (data awal) | H9: — | I9: —
A10: 4 | B10: 04 Jan 2024 | C10: 7450 | D10: =AVERAGE(C7:C9) -> 7216.6667 | E10: =C10-D10 -> 233.33333 | F10: =(C10-D10)^2 -> 54444.444 | G10: =IF(C10>D10,"↑ Underestimasi (Aktual > Prediksi)",IF(C10<D10,"↓ Overestimasi (Aktual < Prediksi)","✓ Tepat")) -> ↑ Underestimasi (Aktual > Prediksi) | H10: =ABS(C10-D10)/C10 -> 0.031319911 | I10: =ABS(C10-D10)/C10*100 -> 3.1319911
A11: 5 | B11: 05 Jan 2024 | C11: 7600 | D11: =AVERAGE(C8:C10) -> 7300 | E11: =C11-D11 -> 300 | F11: =(C11-D11)^2 -> 90000 | G11: =IF(C11>D11,"↑ Underestimasi (Aktual > Prediksi)",IF(C11<D11,"↓ Overestimasi (Aktual < Prediksi)","✓ Tepat")) -> ↑ Underestimasi (Aktual > Prediksi) | H11: =ABS(C11-D11)/C11 -> 0.039473684 | I11: =ABS(C11-D11)/C11*100 -> 3.9473684
A12: 6 | B12: 06 Jan 2024 | C12: 7300 | D12: =AVERAGE(C9:C11) -> 7383.3333 | E12: =C12-D12 -> -83.333333 | F12: =(C12-D12)^2 -> 6944.4444 | G12: =IF(C12>D12,"↑ Underestimasi (Aktual > Prediksi)",IF(C12<D12,"↓ Overestimasi (Aktual < Prediksi)","✓ Tepat")) -> ↓ Overestimasi (Aktual < Prediksi) | H12: =ABS(C12-D12)/C12 -> 0.011415525 | I12: =ABS(C12-D12)/C12*100 -> 1.1415525
A13: 7 | B13: 07 Jan 2024 | C13: 7500 | D13: =AVERAGE(C10:C12) -> 7450 | E13: =C13-D13 -> 50 | F13: =(C13-D13)^2 -> 2500 | G13: =IF(C13>D13,"↑ Underestimasi (Aktual > Prediksi)",IF(C13<D13,"↓ Overestimasi (Aktual < Prediksi)","✓ Tepat")) -> ↑ Underestimasi (Aktual > Prediksi) | H13: =ABS(C13-D13)/C13 -> 0.0066666667 | I13: =ABS(C13-D13)/C13*100 -> 0.66666667
A14: 8 | B14: 08 Jan 2024 | C14: 7250 | D14: =AVERAGE(C11:C13) -> 7466.6667 | E14: =C14-D14 -> -216.66667 | F14: =(C14-D14)^2 -> 46944.444 | G14: =IF(C14>D14,"↑ Underestimasi (Aktual > Prediksi)",IF(C14<D14,"↓ Overestimasi (Aktual < Prediksi)","✓ Tepat")) -> ↓ Overestimasi (Aktual < Prediksi) | H14: =ABS(C14-D14)/C14 -> 0.029885057 | I14: =ABS(C14-D14)/C14*100 -> 2.9885057
A15: 9 | B15: 09 Jan 2024 | C15: 7700 | D15: =AVERAGE(C12:C14) -> 7350 | E15: =C15-D15 -> 350 | F15: =(C15-D15)^2 -> 122500 | G15: =IF(C15>D15,"↑ Underestimasi (Aktual > Prediksi)",IF(C15<D15,"↓ Overestimasi (Aktual < Prediksi)","✓ Tepat")) -> ↑ Underestimasi (Aktual > Prediksi) | H15: =ABS(C15-D15)/C15 -> 0.045454545 | I15: =ABS(C15-D15)/C15*100 -> 4.5454545
A16: 10 | B16: 10 Jan 2024 | C16: 7800 | D16: =AVERAGE(C13:C15) -> 7483.3333 | E16: =C16-D16 -> 316.66667 | F16: =(C16-D16)^2 -> 100277.78 | G16: =IF(C16>D16,"↑ Underestimasi (Aktual > Prediksi)",IF(C16<D16,"↓ Overestimasi (Aktual < Prediksi)","✓ Tepat")) -> ↑ Underestimasi (Aktual > Prediksi) | H16: =ABS(C16-D16)/C16 -> 0.040598291 | I16: =ABS(C16-D16)/C16*100 -> 4.0598291
A17: 11 | B17: 11 Jan 2024 | C17: 7650 | D17: =AVERAGE(C14:C16) -> 7583.3333 | E17: =C17-D17 -> 66.666667 | F17: =(C17-D17)^2 -> 4444.4444 | G17: =IF(C17>D17,"↑ Underestimasi (Aktual > Prediksi)",IF(C17<D17,"↓ Overestimasi (Aktual < Prediksi)","✓ Tepat")) -> ↑ Underestimasi (Aktual > Prediksi) | H17: =ABS(C17-D17)/C17 -> 0.0087145969 | I17: =ABS(C17-D17)/C17*100 -> 0.87145969
A18: 12 | B18: 12 Jan 2024 | C18: 7400 | D18: =AVERAGE(C15:C17) -> 7716.6667 | E18: =C18-D18 -> -316.66667 | F18: =(C18-D18)^2 -> 100277.78 | G18: =IF(C18>D18,"↑ Underestimasi (Aktual > Prediksi)",IF(C18<D18,"↓ Overestimasi (Aktual < Prediksi)","✓ Tepat")) -> ↓ Overestimasi (Aktual < Prediksi) | H18: =ABS(C18-D18)/C18 -> 0.042792793 | I18: =ABS(C18-D18)/C18*100 -> 4.2792793
A19: 13 | B19: 13 Jan 2024 | C19: 7550 | D19: =AVERAGE(C16:C18) -> 7616.6667 | E19: =C19-D19 -> -66.666667 | F19: =(C19-D19)^2 -> 4444.4444 | G19: =IF(C19>D19,"↑ Underestimasi (Aktual > Prediksi)",IF(C19<D19,"↓ Overestimasi (Aktual < Prediksi)","✓ Tepat")) -> ↓ Overestimasi (Aktual < Prediksi) | H19: =ABS(C19-D19)/C19 -> 0.0088300221 | I19: =ABS(C19-D19)/C19*100 -> 0.88300221
A20: 14 | B20: 14 Jan 2024 | C20: 7900 | D20: =AVERAGE(C17:C19) -> 7533.3333 | E20: =C20-D20 -> 366.66667 | F20: =(C20-D20)^2 -> 134444.44 | G20: =IF(C20>D20,"↑ Underestimasi (Aktual > Prediksi)",IF(C20<D20,"↓ Overestimasi (Aktual < Prediksi)","✓ Tepat")) -> ↑ Underestimasi (Aktual > Prediksi) | H20: =ABS(C20-D20)/C20 -> 0.046413502 | I20: =ABS(C20-D20)/C20*100 -> 4.6413502
A21: 15 | B21: 15 Jan 2024 | C21: 8000 | D21: =AVERAGE(C18:C20) -> 7616.6667 | E21: =C21-D21 -> 383.33333 | F21: =(C21-D21)^2 -> 146944.44 | G21: =IF(C21>D21,"↑ Underestimasi (Aktual > Prediksi)",IF(C21<D21,"↓ Overestimasi (Aktual < Prediksi)","✓ Tepat")) -> ↑ Underestimasi (Aktual > Prediksi) | H21: =ABS(C21-D21)/C21 -> 0.047916667 | I21: =ABS(C21-D21)/C21*100 -> 4.7916667
A22: Σ Jumlah Total Error² (hanya data yang terprediksi) | F22: =SUMIF(D7:D21,"<>—",F7:F21) -> 814166.67 | I22: =SUM(I7:I21) -> 35.948126
A24: Jumlah data terprediksi (n) | D24: 12
A25: MSE = Σ Error² / n = | D25: =F22/D24 -> 67847.222
A26: RMSE = √MSE = | D26: =SQRT(D25) -> 260.47499
A27: MAPE = (Σ|Error|/Aktual) / n × 100% = | D27: =I22/D24 -> 2.9956772
A28: =IF(D27<10,"✅ Akurasi SANGAT BAIK (MAPE < 10%)",IF(D27<20,"🟡 Akurasi BAIK (MAPE 10%-20%)",IF(D27<50,"🟠 Akurasi CUKUP (MAPE 20%-50%)","🔴 Akurasi KURANG (MAPE > 50%)"))) -> ✅ Akurasi SANGAT BAIK (MAPE < 10%)

Sheet Exponential Smoothing
A1: METODE 2: EXPONENTIAL SMOOTHING — PREDIKSI HARGA SAHAM
A2: Prediksi t+1 = α × Aktual(t) + (1−α) × Prediksi(t) | MSE = Σ(Aktual − Prediksi)² / n
A4: Parameter: | B4: Alpha (α) | C4: 0.3 | D4: ← Ubah nilai α (0.1 = lambat, 0.9 = cepat merespons)
A6: No | B6: Tanggal | C6: Harga Aktual (Rp) | D6: Harga Prediksi ES (Rp) | E6: Error (Aktual−Prediksi) | F6: Error² (Aktual−Prediksi)² | G6: Keterangan | H6: |Error| / Aktual (Absolut %) | I6: MAPE Kontribusi (%)
A7: 1 | B7: 01 Jan 2024 | C7: 7200 | D7: =C7 -> 7200 | E7: — | F7: — | G7: Nilai awal (prediksi = aktual) | H7: — | I7: —
A8: 2 | B8: 02 Jan 2024 | C8: 7350 | D8: =$C$4*C7+(1-$C$4)*D7 -> 7200 | E8: =C8-D8 -> 150 | F8: =(C8-D8)^2 -> 22500 | G8: =IF(C8>D8,"↑ Underestimasi (Aktual > Prediksi)",IF(C8<D8,"↓ Overestimasi (Aktual < Prediksi)","✓ Tepat")) -> ↑ Underestimasi (Aktual > Prediksi) | H8: =ABS(C8-D8)/C8 -> 0.020408163 | I8: =ABS(C8-D8)/C8*100 -> 2.0408163
A9: 3 | B9: 03 Jan 2024 | C9: 7100 | D9: =$C$4*C8+(1-$C$4)*D8 -> 7245 | E9: =C9-D9 -> -145 | F9: =(C9-D9)^2 -> 21025 | G9: =IF(C9>D9,"↑ Underestimasi (Aktual > Prediksi)",IF(C9<D9,"↓ Overestimasi (Aktual < Prediksi)","✓ Tepat")) -> ↓ Overestimasi (Aktual < Prediksi) | H9: =ABS(C9-D9)/C9 -> 0.020422535 | I9: =ABS(C9-D9)/C9*100 -> 2.0422535
A10: 4 | B10: 04 Jan 2024 | C10: 7450 | D10: =$C$4*C9+(1-$C$4)*D9 -> 7201.5 | E10: =C10-D10 -> 248.5 | F10: =(C10-D10)^2 -> 61752.25 | G10: =IF(C10>D10,"↑ Underestimasi (Aktual > Prediksi)",IF(C10<D10,"↓ Overestimasi (Aktual < Prediksi)","✓ Tepat")) -> ↑ Underestimasi (Aktual > Prediksi) | H10: =ABS(C10-D10)/C10 -> 0.033355705 | I10: =ABS(C10-D10)/C10*100 -> 3.3355705
A11: 5 | B11: 05 Jan 2024 | C11: 7600 | D11: =$C$4*C10+(1-$C$4)*D10 -> 7276.05 | E11: =C11-D11 -> 323.95 | F11: =(C11-D11)^2 -> 104943.6 | G11: =IF(C11>D11,"↑ Underestimasi (Aktual > Prediksi)",IF(C11<D11,"↓ Overestimasi (Aktual < Prediksi)","✓ Tepat")) -> ↑ Underestimasi (Aktual > Prediksi) | H11: =ABS(C11-D11)/C11 -> 0.042625 | I11: =ABS(C11-D11)/C11*100 -> 4.2625
A12: 6 | B12: 06 Jan 2024 | C12: 7300 | D12: =$C$4*C11+(1-$C$4)*D11 -> 7373.235 | E12: =C12-D12 -> -73.235 | F12: =(C12-D12)^2 -> 5363.3652 | G12: =IF(C12>D12,"↑ Underestimasi (Aktual > Prediksi)",IF(C12<D12,"↓ Overestimasi (Aktual < Prediksi)","✓ Tepat")) -> ↓ Overestimasi (Aktual < Prediksi) | H12: =ABS(C12-D12)/C12 -> 0.010032192 | I12: =ABS(C12-D12)/C12*100 -> 1.0032192
A13: 7 | B13: 07 Jan 2024 | C13: 7500 | D13: =$C$4*C12+(1-$C$4)*D12 -> 7351.2645 | E13: =C13-D13 -> 148.7355 | F13: =(C13-D13)^2 -> 22122.249 | G13: =IF(C13>D13,"↑ Underestimasi (Aktual > Prediksi)",IF(C13<D13,"↓ Overestimasi (Aktual < Prediksi)","✓ Tepat")) -> ↑ Underestimasi (Aktual > Prediksi) | H13: =ABS(C13-D13)/C13 -> 0.0198314 | I13: =ABS(C13-D13)/C13*100 -> 1.98314
A14: 8 | B14: 08 Jan 2024 | C14: 7250 | D14: =$C$4*C13+(1-$C$4)*D13 -> 7395.8851 | E14: =C14-D14 -> -145.88515 | F14: =(C14-D14)^2 -> 21282.477 | G14: =IF(C14>D14,"↑ Underestimasi (Aktual > Prediksi)",IF(C14<D14,"↓ Overestimasi (Aktual < Prediksi)","✓ Tepat")) -> ↓ Overestimasi (Aktual < Prediksi) | H14: =ABS(C14-D14)/C14 -> 0.02012209 | I14: =ABS(C14-D14)/C14*100 -> 2.012209
A15: 9 | B15: 09 Jan 2024 | C15: 7700 | D15: =$C$4*C14+(1-$C$4)*D14 -> 7352.1196 | E15: =C15-D15 -> 347.8804 | F15: =(C15-D15)^2 -> 121020.77 | G15: =IF(C15>D15,"↑ Underestimasi (Aktual > Prediksi)",IF(C15<D15,"↓ Overestimasi (Aktual < Prediksi)","✓ Tepat")) -> ↑ Underestimasi (Aktual > Prediksi) | H15: =ABS(C15-D15)/C15 -> 0.045179272 | I15: =ABS(C15-D15)/C15*100 -> 4.5179272
A16: 10 | B16: 10 Jan 2024 | C16: 7800 | D16: =$C$4*C15+(1-$C$4)*D15 -> 7456.4837 | E16: =C16-D16 -> 343.51628 | F16: =(C16-D16)^2 -> 118003.43 | G16: =IF(C16>D16,"↑ Underestimasi (Aktual > Prediksi)",IF(C16<D16,"↓ Overestimasi (Aktual < Prediksi)","✓ Tepat")) -> ↑ Underestimasi (Aktual > Prediksi) | H16: =ABS(C16-D16)/C16 -> 0.044040548 | I16: =ABS(C16-D16)/C16*100 -> 4.4040548
A17: 11 | B17: 11 Jan 2024 | C17: 7650 | D17: =$C$4*C16+(1-$C$4)*D16 -> 7559.5386 | E17: =C17-D17 -> 90.461394 | F17: =(C17-D17)^2 -> 8183.2637 | G17: =IF(C17>D17,"↑ Underestimasi (Aktual > Prediksi)",IF(C17<D17,"↓ Overestimasi (Aktual < Prediksi)","✓ Tepat")) -> ↑ Underestimasi (Aktual > Prediksi) | H17: =ABS(C17-D17)/C17 -> 0.011825019 | I17: =ABS(C17-D17)/C17*100 -> 1.1825019
A18: 12 | B18: 12 Jan 2024 | C18: 7400 | D18: =$C$4*C17+(1-$C$4)*D17 -> 7586.677 | E18: =C18-D18 -> -186.67702 | F18: =(C18-D18)^2 -> 34848.311 | G18: =IF(C18>D18,"↑ Underestimasi (Aktual > Prediksi)",IF(C18<D18,"↓ Overestimasi (Aktual < Prediksi)","✓ Tepat")) -> ↓ Overestimasi (Aktual < Prediksi) | H18: =ABS(C18-D18)/C18 -> 0.025226625 | I18: =ABS(C18-D18)/C18*100 -> 2.5226625
A19: 13 | B19: 13 Jan 2024 | C19: 7550 | D19: =$C$4*C18+(1-$C$4)*D18 -> 7530.6739 | E19: =C19-D19 -> 19.326083 | F19: =(C19-D19)^2 -> 373.49748 | G19: =IF(C19>D19,"↑ Underestimasi (Aktual > Prediksi)",IF(C19<D19,"↓ Overestimasi (Aktual < Prediksi)","✓ Tepat")) -> ↑ Underestimasi (Aktual > Prediksi) | H19: =ABS(C19-D19)/C19 -> 0.0025597461 | I19: =ABS(C19-D19)/C19*100 -> 0.25597461
... A21: 15 | B21: 15 Jan 2024 | C21: 8000 | D21: =$C$4*C20+(1-$C$4)*D20 -> 7645.5302 | E21: =C21-D21 -> 354.46978 | F21: =(C21-D21)^2 -> 125648.83 | G21: =IF(C21>D21,"↑ Underestimasi (Aktual > Prediksi)",IF(C21<D21,"↓ Overestimasi (Aktual < Prediksi)","✓ Tepat")) -> ↑ Underestimasi (Aktual > Prediksi) | H21: =ABS(C21-D21)/C21 -> 0.044308723 | I21: =ABS(C21-D21)/C21*100 -> 4.4308723
A22: Σ Jumlah Total Error² (data ke-2 s.d. ke-15) | F22: =SUM(F8:F21) -> 799219.84 | I22: =SUM(I8:I21) -> 38.595325
A24: Jumlah data terprediksi (n) | D24: 14
A25: MSE = Σ Error² / n = | D25: =F22/D24 -> 57087.131
A26: RMSE = √MSE = | D26: =SQRT(D25) -> 238.92913
A27: MAPE = (Σ|Error|/Aktual) / n × 100% = | D27: =I22/D24 -> 2.7568089
A28: =IF(D27<10,"✅ Akurasi SANGAT BAIK (MAPE < 10%)",IF(D27<20,"🟡 Akurasi BAIK (MAPE 10%-20%)",IF(D27<50,"🟠 Akurasi CUKUP (MAPE 20%-50%)","🔴 Akurasi KURANG (MAPE > 50%)"))) -> ✅ Akurasi SANGAT BAIK (MAPE < 10%)

Sheet Perbandingan MSE
A1: PERBANDINGAN HASIL MSE & MAPE — MOVING AVERAGE vs EXPONENTIAL SMOOTHING
A3: Metode | B3: Parameter | C3: n Data | D3: Σ Error² | E3: MSE | F3: RMSE | G3: MAPE (%)
A4: Moving Average (MA-3) | B4: Periode k = 3 | C4: ='Moving Average (MA-3)'!D24 -> 12 | D4: ='Moving Average (MA-3)'!F22 -> 814166.67 | E4: ='Moving Average (MA-3)'!D25 -> 67847.222 | F4: ='Moving Average (MA-3)'!D26 -> 260.47499 | G4: ='Moving Average (MA-3)'!D27 -> 2.9956772
A5: Exponential Smoothing (ES) | B5: Alpha α = 0.3 | C5: ='Exponential Smoothing'!D24 -> 14 | D5: ='Exponential Smoothing'!F22 -> 799219.84 | E5: ='Exponential Smoothing'!D25 -> 57087.131 | F5: ='Exponential Smoothing'!D26 -> 238.92913 | G5: ='Exponential Smoothing'!D27 -> 2.7568089
A7: KESIMPULAN
A8: =IF('Moving Average (MA-3)'!D25<'Exponential Smoothing'!D25,"✅ Moving Average (MA-3) lebih akurat karena MSE lebih kecil","✅ Exponential Smoothing lebih akurat karena MSE lebih kecil") -> ✅ Exponential Smoothing lebih akurat karena MSE lebih kecil
A9: 💡 Catatan: Semakin kecil nilai MSE & RMSE, semakin akurat model prediksi tersebut.
A10: KESIMPULAN MAPE
A11: ='Moving Average (MA-3)'!A28&" | "&'Exponential Smoothing'!A28 -> ✅ Akurasi SANGAT BAIK (MAPE < 10%) | ✅ Akurasi SANGAT BAIK (MAPE < 10%)
A13: PANDUAN INTERPRETASI MAPE
A14: < 10% | D14: Sangat Baik
A15: 10% – 20% | D15: Baik
A16: 20% – 50% | D16: Cukup / Perlu Perbaikan
A17: > 50% | D17: Kurang Akurat
