Workbook

Sheet LSTM
A1: PERHITUNGAN MSE & MAPE — MODEL LSTM — PREDIKSI HARGA SAHAM
A2: MSE = Σ(Aktual−Prediksi)² / n | MAPE = (1/n) × Σ|Aktual−Prediksi|/Aktual × 100%
A4: Model: | B4: LSTM | C4: | Isi kolom prediksi (D) dengan output hasil model kamu
A6: No | B6: Tanggal | C6: Harga Aktual (Rp) | D6: Prediksi LSTM (Rp) ← Input | E6: Error (Aktual−Prediksi) | F6: Error² (Aktual−Prediksi)² | G6: |Error| (Absolut) | H6: |Error|/Aktual | I6: MAPE Kontribusi (%) | J6: Keterangan
A7: 1 | B7: 01 Jan 2024 | C7: 7200 | D7: 7180 | E7: =C7-D7 | F7: =(C7-D7)^2 | G7: =ABS(C7-D7) | H7: =ABS(C7-D7)/C7 | I7: =ABS(C7-D7)/C7*100 | J7: =IF(C7>D7,"↑ Underestimasi (Aktual > Prediksi)",IF(C7<D7,"↓ Overestimasi (Aktual < Prediksi)","✓ Tepat"))
A8: 2 | B8: 02 Jan 2024 | C8: 7350 | D8: 7320 | E8: =C8-D8 | F8: =(C8-D8)^2 | G8: =ABS(C8-D8) | H8: =ABS(C8-D8)/C8 | I8: =ABS(C8-D8)/C8*100 | J8: =IF(C8>D8,"↑ Underestimasi (Aktual > Prediksi)",IF(C8<D8,"↓ Overestimasi (Aktual < Prediksi)","✓ Tepat"))
A9: 3 | B9: 03 Jan 2024 | C9: 7100 | D9: 7130 | E9: =C9-D9 | F9: =(C9-D9)^2 | G9: =ABS(C9-D9) | H9: =ABS(C9-D9)/C9 | I9: =ABS(C9-D9)/C9*100 | J9: =IF(C9>D9,"↑ Underestimasi (Aktual > Prediksi)",IF(C9<D9,"↓ Overestimasi (Aktual < Prediksi)","✓ Tepat"))
A10: 4 | B10: 04 Jan 2024 | C10: 7450 | D10: 7410 | E10: =C10-D10 | F10: =(C10-D10)^2 | G10: =ABS(C10-D10) | H10: =ABS(C10-D10)/C10 | I10: =ABS(C10-D10)/C10*100 | J10: =IF(C10>D10,"↑ Underestimasi (Aktual > Prediksi)",IF(C10<D10,"↓ Overestimasi (Aktual < Prediksi)","✓ Tepat"))
A11: 5 | B11: 05 Jan 2024 | C11: 7600 | D11: 7570 | E11: =C11-D11 | F11: =(C11-D11)^2 | G11: =ABS(C11-D11) | H11: =ABS(C11-D11)/C11 | I11: =ABS(C11-D11)/C11*100 | J11: =IF(C11>D11,"↑ Underestimasi (Aktual > Prediksi)",IF(C11<D11,"↓ Overestimasi (Aktual < Prediksi)","✓ Tepat"))
A12: 6 | B12: 06 Jan 2024 | C12: 7300 | D12: 7330 | E12: =C12-D12 | F12: =(C12-D12)^2 | G12: =ABS(C12-D12) | H12: =ABS(C12-D12)/C12 | I12: =ABS(C12-D12)/C12*100 | J12: =IF(C12>D12,"↑ Underestimasi (Aktual > Prediksi)",IF(C12<D12,"↓ Overestimasi (Aktual < Prediksi)","✓ Tepat"))
A13: 7 | B13: 07 Jan 2024 | C13: 7500 | D13: 7460 | E13: =C13-D13 | F13: =(C13-D13)^2 | G13: =ABS(C13-D13) | H13: =ABS(C13-D13)/C13 | I13: =ABS(C13-D13)/C13*100 | J13: =IF(C13>D13,"↑ Underestimasi (Aktual > Prediksi)",IF(C13<D13,"↓ Overestimasi (Aktual < Prediksi)","✓ Tepat"))
A14: 8 | B14: 08 Jan 2024 | C14: 7250 | D14: 7290 | E14: =C14-D14 | F14: =(C14-D14)^2 | G14: =ABS(C14-D14) | H14: =ABS(C14-D14)/C14 | I14: =ABS(C14-D14)/C14*100 | J14: =IF(C14>D14,"↑ Underestimasi (Aktual > Prediksi)",IF(C14<D14,"↓ Overestimasi (Aktual < Prediksi)","✓ Tepat"))
A15: 9 | B15: 09 Jan 2024 | C15: 7700 | D15: 7660 | E15: =C15-D15 | F15: =(C15-D15)^2 | G15: =ABS(C15-D15) | H15: =ABS(C15-D15)/C15 | I15: =ABS(C15-D15)/C15*100 | J15: =IF(C15>D15,"↑ Underestimasi (Aktual > Prediksi)",IF(C15<D15,"↓ Overestimasi (Aktual < Prediksi)","✓ Tepat"))
A16: 10 | B16: 10 Jan 2024 | C16: 7800 | D16: 7770 | E16: =C16-D16 | F16: =(C16-D16)^2 | G16: =ABS(C16-D16) | H16: =ABS(C16-D16)/C16 | I16: =ABS(C16-D16)/C16*100 | J16: =IF(C16>D16,"↑ Underestimasi (Aktual > Prediksi)",IF(C16<D16,"↓ Overestimasi (Aktual < Prediksi)","✓ Tepat"))
A17: 11 | B17: 11 Jan 2024 | C17: 7650 | D17: 7680 | E17: =C17-D17 | F17: =(C17-D17)^2 | G17: =ABS(C17-D17) | H17: =ABS(C17-D17)/C17 | I17: =ABS(C17-D17)/C17*100 | J17: =IF(C17>D17,"↑ Underestimasi (Aktual > Prediksi)",IF(C17<D17,"↓ Overestimasi (Aktual < Prediksi)","✓ Tepat"))
A18: 12 | B18: 12 Jan 2024 | C18: 7400 | D18: 7430 | E18: =C18-D18 | F18: =(C18-D18)^2 | G18: =ABS(C18-D18) | H18: =ABS(C18-D18)/C18 | I18: =ABS(C18-D18)/C18*100 | J18: =IF(C18>D18,"↑ Underestimasi (Aktual > Prediksi)",IF(C18<D18,"↓ Overestimasi (Aktual < Prediksi)","✓ Tepat"))
... A21: 15 | B21: 15 Jan 2024 | C21: 8000 | D21: 7970 | E21: =C21-D21 | F21: =(C21-D21)^2 | G21: =ABS(C21-D21) | H21: =ABS(C21-D21)/C21 | I21: =ABS(C21-D21)/C21*100 | J21: =IF(C21>D21,"↑ Underestimasi (Aktual > Prediksi)",IF(C21<D21,"↓ Overestimasi (Aktual < Prediksi)","✓ Tepat"))
A22: Σ JUMLAH TOTAL | F22: =SUM(F7:F21) | G22: =SUM(G7:G21) | H22: =SUM(H7:H21) | I22: =SUM(I7:I21)
A24: HASIL EVALUASI MODEL
A25: Jumlah Data (n) | F25: 15
A26: MSE = Σ(Aktual−Prediksi)² / n = | F26: =F22/F25
A27: RMSE = √MSE = | F27: =SQRT(F26)
A28: MAPE = (Σ|Error|/Aktual) / n × 100% = | F28: =I22/F25
A29: =IF(F28<10,"✅ Akurasi SANGAT BAIK — MAPE < 10%",IF(F28<20,"🟡 Akurasi BAIK — MAPE 10% s.d. 20%",IF(F28<50,"🟠 Akurasi CUKUP — MAPE 20% s.d. 50%","🔴 Akurasi KURANG — MAPE > 50%")))

Sheet GRU
A1: PERHITUNGAN MSE & MAPE — MODEL GRU — PREDIKSI HARGA SAHAM
A2: MSE = Σ(Aktual−Prediksi)² / n | MAPE = (1/n) × Σ|Aktual−Prediksi|/Aktual × 100%
A4: Model: | B4: GRU | C4: | Isi kolom prediksi (D) dengan output hasil model kamu
A6: No | B6: Tanggal | C6: Harga Aktual (Rp) | D6: Prediksi GRU (Rp) ← Input | E6: Error (Aktual−Prediksi) | F6: Error² (Aktual−Prediksi)² | G6: |Error| (Absolut) | H6: |Error|/Aktual | I6: MAPE Kontribusi (%) | J6: Keterangan
A7: 1 | B7: 01 Jan 2024 | C7: 7200 | D7: 7190 | E7: =C7-D7 | F7: =(C7-D7)^2 | G7: =ABS(C7-D7) | H7: =ABS(C7-D7)/C7 | I7: =ABS(C7-D7)/C7*100 | J7: =IF(C7>D7,"↑ Underestimasi (Aktual > Prediksi)",IF(C7<D7,"↓ Overestimasi (Aktual < Prediksi)","✓ Tepat"))
A8: 2 | B8: 02 Jan 2024 | C8: 7350 | D8: 7340 | E8: =C8-D8 | F8: =(C8-D8)^2 | G8: =ABS(C8-D8) | H8: =ABS(C8-D8)/C8 | I8: =ABS(C8-D8)/C8*100 | J8: =IF(C8>D8,"↑ Underestimasi (Aktual > Prediksi)",IF(C8<D8,"↓ Overestimasi (Aktual < Prediksi)","✓ Tepat"))
A9: 3 | B9: 03 Jan 2024 | C9: 7100 | D9: 7120 | E9: =C9-D9 | F9: =(C9-D9)^2 | G9: =ABS(C9-D9) | H9: =ABS(C9-D9)/C9 | I9: =ABS(C9-D9)/C9*100 | J9: =IF(C9>D9,"↑ Underestimasi (Aktual > Prediksi)",IF(C9<D9,"↓ Overestimasi (Aktual < Prediksi)","✓ Tepat"))
A10: 4 | B10: 04 Jan 2024 | C10: 7450 | D10: 7430 | E10: =C10-D10 | F10: =(C10-D10)^2 | G10: =ABS(C10-D10) | H10: =ABS(C10-D10)/C10 | I10: =ABS(C10-D10)/C10*100 | J10: =IF(C10>D10,"↑ Underestimasi (Aktual > Prediksi)",IF(C10<D10,"↓ Overestimasi (Aktual < Prediksi)","✓ Tepat"))
A11: 5 | B11: 05 Jan 2024 | C11: 7600 | D11: 7580 | E11: =C11-D11 | F11: =(C11-D11)^2 | G11: =ABS(C11-D11) | H11: =ABS(C11-D11)/C11 | I11: =ABS(C11-D11)/C11*100 | J11: =IF(C11>D11,"↑ Underestimasi (Aktual > Prediksi)",IF(C11<D11,"↓ Overestimasi (Aktual < Prediksi)","✓ Tepat"))
A12: 6 | B12: 06 Jan 2024 | C12: 7300 | D12: 7310 | E12: =C12-D12 | F12: =(C12-D12)^2 | G12: =ABS(C12-D12) | H12: =ABS(C12-D12)/C12 | I12: =ABS(C12-D12)/C12*100 | J12: =IF(C12>D12,"↑ Underestimasi (Aktual > Prediksi)",IF(C12<D12,"↓ Overestimasi (Aktual < Prediksi)","✓ Tepat"))
A13: 7 | B13: 07 Jan 2024 | C13: 7500 | D13: 7480 | E13: =C13-D13 | F13: =(C13-D13)^2 | G13: =ABS(C13-D13) | H13: =ABS(C13-D13)/C13 | I13: =ABS(C13-D13)/C13*100 | J13: =IF(C13>D13,"↑ Underestimasi (Aktual > Prediksi)",IF(C13<D13,"↓ Overestimasi (Aktual < Prediksi)","✓ Tepat"))
A14: 8 | B14: 08 Jan 2024 | C14: 7250 | D14: 7270 | E14: =C14-D14 | F14: =(C14-D14)^2 | G14: =ABS(C14-D14) | H14: =ABS(C14-D14)/C14 | I14: =ABS(C14-D14)/C14*100 | J14: =IF(C14>D14,"↑ Underestimasi (Aktual > Prediksi)",IF(C14<D14,"↓ Overestimasi (Aktual < Prediksi)","✓ Tepat"))
A15: 9 | B15: 09 Jan 2024 | C15: 7700 | D15: 7680 | E15: =C15-D15 | F15: =(C15-D15)^2 | G15: =ABS(C15-D15) | H15: =ABS(C15-D15)/C15 | I15: =ABS(C15-D15)/C15*100 | J15: =IF(C15>D15,"↑ Underestimasi (Aktual > Prediksi)",IF(C15<D15,"↓ Overestimasi (Aktual < Prediksi)","✓ Tepat"))
A16: 10 | B16: 10 Jan 2024 | C16: 7800 | D16: 7790 | E16: =C16-D16 | F16: =(C16-D16)^2 | G16: =ABS(C16-D16) | H16: =ABS(C16-D16)/C16 | I16: =ABS(C16-D16)/C16*100 | J16: =IF(C16>D16,"↑ Underestimasi (Aktual > Prediksi)",IF(C16<D16,"↓ Overestimasi (Aktual < Prediksi)","✓ Tepat"))
A17: 11 | B17: 11 Jan 2024 | C17: 7650 | D17: 7660 | E17: =C17-D17 | F17: =(C17-D17)^2 | G17: =ABS(C17-D17) | H17: =ABS(C17-D17)/C17 | I17: =ABS(C17-D17)/C17*100 | J17: =IF(C17>D17,"↑ Underestimasi (Aktual > Prediksi)",IF(C17<D17,"↓ Overestimasi (Aktual < Prediksi)","✓ Tepat"))
A18: 12 | B18: 12 Jan 2024 | C18: 7400 | D18: 7420 | E18: =C18-D18 | F18: =(C18-D18)^2 | G18: =ABS(C18-D18) | H18: =ABS(C18-D18)/C18 | I18: =ABS(C18-D18)/C18*100 | J18: =IF(C18>D18,"↑ Underestimasi (Aktual > Prediksi)",IF(C18<D18,"↓ Overestimasi (Aktual < Prediksi)","✓ Tepat"))
... A21: 15 | B21: 15 Jan 2024 | C21: 8000 | D21: 7990 | E21: =C21-D21 | F21: =(C21-D21)^2 | G21: =ABS(C21-D21) | H21: =ABS(C21-D21)/C21 | I21: =ABS(C21-D21)/C21*100 | J21: =IF(C21>D21,"↑ Underestimasi (Aktual > Prediksi)",IF(C21<D21,"↓ Overestimasi (Aktual < Prediksi)","✓ Tepat"))
A22: Σ JUMLAH TOTAL | F22: =SUM(F7:F21) | G22: =SUM(G7:G21) | H22: =SUM(H7:H21) | I22: =SUM(I7:I21)
A24: HASIL EVALUASI MODEL
A25: Jumlah Data (n) | F25: 15
A26: MSE = Σ(Aktual−Prediksi)² / n = | F26: =F22/F25
A27: RMSE = √MSE = | F27: =SQRT(F26)
A28: MAPE = (Σ|Error|/Aktual) / n × 100% = | F28: =I22/F25
A29: =IF(F28<10,"✅ Akurasi SANGAT BAIK — MAPE < 10%",IF(F28<20,"🟡 Akurasi BAIK — MAPE 10% s.d. 20%",IF(F28<50,"🟠 Akurasi CUKUP — MAPE 20% s.d. 50%","🔴 Akurasi KURANG — MAPE > 50%")))

Sheet Hybrid LSTM-GRU
A1: PERHITUNGAN MSE & MAPE — MODEL HYBRID LSTM-GRU — PREDIKSI HARGA SAHAM
A2: MSE = Σ(Aktual−Prediksi)² / n | MAPE = (1/n) × Σ|Aktual−Prediksi|/Aktual × 100%
A4: Model: | B4: Hybrid LSTM-GRU | C4: | Isi kolom prediksi (D) dengan output hasil model kamu
A5: ℹ️ Model Hybrid LSTM-GRU menggabungkan kemampuan LSTM (memori jangka panjang) dan GRU (efisiensi komputasi) secara berurutan untuk meningkatkan akurasi prediksi.
A7: No | B7: Tanggal | C7: Harga Aktual (Rp) | D7: Prediksi Hybrid LSTM-GRU (Rp) ← Input | E7: Error (Aktual−Prediksi) | F7: Error² (Aktual−Prediksi)² | G7: |Error| (Absolut) | H7: |Error|/Aktual | I7: MAPE Kontribusi (%) | J7: Keterangan
A8: 1 | B8: 01 Jan 2024 | C8: 7200 | D8: 7195 | E8: =C8-D8 | F8: =(C8-D8)^2 | G8: =ABS(C8-D8) | H8: =ABS(C8-D8)/C8 | I8: =ABS(C8-D8)/C8*100 | J8: =IF(C8>D8,"↑ Underestimasi (Aktual > Prediksi)",IF(C8<D8,"↓ Overestimasi (Aktual < Prediksi)","✓ Tepat"))
A9: 2 | B9: 02 Jan 2024 | C9: 7350 | D9: 7340 | E9: =C9-D9 | F9: =(C9-D9)^2 | G9: =ABS(C9-D9) | H9: =ABS(C9-D9)/C9 | I9: =ABS(C9-D9)/C9*100 | J9: =IF(C9>D9,"↑ Underestimasi (Aktual > Prediksi)",IF(C9<D9,"↓ Overestimasi (Aktual < Prediksi)","✓ Tepat"))
A10: 3 | B10: 03 Jan 2024 | C10: 7100 | D10: 7115 | E10: =C10-D10 | F10: =(C10-D10)^2 | G10: =ABS(C10-D10) | H10: =ABS(C10-D10)/C10 | I10: =ABS(C10-D10)/C10*100 | J10: =IF(C10>D10,"↑ Underestimasi (Aktual > Prediksi)",IF(C10<D10,"↓ Overestimasi (Aktual < Prediksi)","✓ Tepat"))
A11: 4 | B11: 04 Jan 2024 | C11: 7450 | D11: 7440 | E11: =C11-D11 | F11: =(C11-D11)^2 | G11: =ABS(C11-D11) | H11: =ABS(C11-D11)/C11 | I11: =ABS(C11-D11)/C11*100 | J11: =IF(C11>D11,"↑ Underestimasi (Aktual > Prediksi)",IF(C11<D11,"↓ Overestimasi (Aktual < Prediksi)","✓ Tepat"))
A12: 5 | B12: 05 Jan 2024 | C12: 7600 | D12: 7590 | E12: =C12-D12 | F12: =(C12-D12)^2 | G12: =ABS(C12-D12) | H12: =ABS(C12-D12)/C12 | I12: =ABS(C12-D12)/C12*100 | J12: =IF(C12>D12,"↑ Underestimasi (Aktual > Prediksi)",IF(C12<D12,"↓ Overestimasi (Aktual < Prediksi)","✓ Tepat"))
A13: 6 | B13: 06 Jan 2024 | C13: 7300 | D13: 7315 | E13: =C13-D13 | F13: =(C13-D13)^2 | G13: =ABS(C13-D13) | H13: =ABS(C13-D13)/C13 | I13: =ABS(C13-D13)/C13*100 | J13: =IF(C13>D13,"↑ Underestimasi (Aktual > Prediksi)",IF(C13<D13,"↓ Overestimasi (Aktual < Prediksi)","✓ Tepat"))
A14: 7 | B14: 07 Jan 2024 | C14: 7500 | D14: 7490 | E14: =C14-D14 | F14: =(C14-D14)^2 | G14: =ABS(C14-D14) | H14: =ABS(C14-D14)/C14 | I14: =ABS(C14-D14)/C14*100 | J14: =IF(C14>D14,"↑ Underestimasi (Aktual > Prediksi)",IF(C14<D14,"↓ Overestimasi (Aktual < Prediksi)","✓ Tepat"))
A15: 8 | B15: 08 Jan 2024 | C15: 7250 | D15: 7260 | E15: =C15-D15 | F15: =(C15-D15)^2 | G15: =ABS(C15-D15) | H15: =ABS(C15-D15)/C15 | I15: =ABS(C15-D15)/C15*100 | J15: =IF(C15>D15,"↑ Underestimasi (Aktual > Prediksi)",IF(C15<D15,"↓ Overestimasi (Aktual < Prediksi)","✓ Tepat"))
A16: 9 | B16: 09 Jan 2024 | C16: 7700 | D16: 7690 | E16: =C16-D16 | F16: =(C16-D16)^2 | G16: =ABS(C16-D16) | H16: =ABS(C16-D16)/C16 | I16: =ABS(C16-D16)/C16*100 | J16: =IF(C16>D16,"↑ Underestimasi (Aktual > Prediksi)",IF(C16<D16,"↓ Overestimasi (Aktual < Prediksi)","✓ Tepat"))
A17: 10 | B17: 10 Jan 2024 | C17: 7800 | D17: 7795 | E17: =C17-D17 | F17: =(C17-D17)^2 | G17: =ABS(C17-D17) | H17: =ABS(C17-D17)/C17 | I17: =ABS(C17-D17)/C17*100 | J17: =IF(C17>D17,"↑ Underestimasi (Aktual > Prediksi)",IF(C17<D17,"↓ Overestimasi (Aktual < Prediksi)","✓ Tepat"))
A18: 11 | B18: 11 Jan 2024 | C18: 7650 | D18: 7660 | E18: =C18-D18 | F18: =(C18-D18)^2 | G18: =ABS(C18-D18) | H18: =ABS(C18-D18)/C18 | I18: =ABS(C18-D18)/C18*100 | J18: =IF(C18>D18,"↑ Underestimasi (Aktual > Prediksi)",IF(C18<D18,"↓ Overestimasi (Aktual < Prediksi)","✓ Tepat"))
A19: 12 | B19: 12 Jan 2024 | C19: 7400 | D19: 7410 | E19: =C19-D19 | F19: =(C19-D19)^2 | G19: =ABS(C19-D19) | H19: =ABS(C19-D19)/C19 | I19: =ABS(C19-D19)/C19*100 | J19: =IF(C19>D19,"↑ Underestimasi (Aktual > Prediksi)",IF(C19<D19,"↓ Overestimasi (Aktual < Prediksi)","✓ Tepat"))
... A22: 15 | B22: 15 Jan 2024 | C22: 8000 | D22: 7995 | E22: =C22-D22 | F22: =(C22-D22)^2 | G22: =ABS(C22-D22) | H22: =ABS(C22-D22)/C22 | I22: =ABS(C22-D22)/C22*100 | J22: =IF(C22>D22,"↑ Underestimasi (Aktual > Prediksi)",IF(C22<D22,"↓ Overestimasi (Aktual < Prediksi)","✓ Tepat"))
A23: Σ JUMLAH TOTAL | F23: =SUM(F8:F22) | G23: =SUM(G8:G22) | H23: =SUM(H8:H22) | I23: =SUM(I8:I22)
A25: HASIL EVALUASI MODEL
A26: Jumlah Data (n) | F26: 15
A27: MSE = Σ(Aktual−Prediksi)² / n = | F27: =F23/F26
A28: RMSE = √MSE = | F28: =SQRT(F27)
A29: MAPE = (Σ|Error|/Aktual) / n × 100% = | F29: =I23/F26
A30: =IF(F29<10,"✅ Akurasi SANGAT BAIK — MAPE < 10%",IF(F29<20,"🟡 Akurasi BAIK — MAPE 10% s.d. 20%",IF(F29<50,"🟠 Akurasi CUKUP — MAPE 20% s.d. 50%","🔴 Akurasi KURANG — MAPE > 50%")))

Sheet Perbandingan 3 Model
A1: PERBANDINGAN EVALUASI MODEL LSTM vs GRU vs HYBRID LSTM-GRU
A2: Metrik: MSE, RMSE, MAPE | Semakin kecil nilai = semakin akurat
A4: Model | B4: Jumlah Data (n) | C4: MSE | D4: RMSE | E4: MAPE (%) | F4: Interpretasi MAPE | G4: Rekomendasi
A5: LSTM | B5: =LSTM!F25 | C5: =LSTM!F26 | D5: =LSTM!F27 | E5: =LSTM!F28 | F5: =LSTM!A29
A6: GRU | B6: =GRU!F25 | C6: =GRU!F26 | D6: =GRU!F27 | E6: =GRU!F28 | F6: =GRU!A29
A7: Hybrid LSTM-GRU | B7: ='Hybrid LSTM-GRU'!F26 | C7: ='Hybrid LSTM-GRU'!F27 | D7: ='Hybrid LSTM-GRU'!F28 | E7: ='Hybrid LSTM-GRU'!F29 | F7: ='Hybrid LSTM-GRU'!A30
A8: REKOMENDASI MODEL TERBAIK
A9: REKOMENDASI MODEL TERBAIK (berdasarkan MSE)
A10: =IF(AND('LSTM'!F23<='GRU'!F23,'LSTM'!F23<='Hybrid LSTM-GRU'!F27),"✅ LSTM — MSE terkecil, model paling akurat",IF(AND('GRU'!F23<='LSTM'!F23,'GRU'!F23<='Hybrid LSTM-GRU'!F27),"✅ GRU — MSE terkecil, model paling akurat","✅ Hybrid LSTM-GRU — MSE terkecil, model paling akurat"))
A11: =IF(AND('LSTM'!F25<='GRU'!F25,'LSTM'!F25<='Hybrid LSTM-GRU'!F29),"✅ LSTM — MAPE terkecil, model paling akurat",IF(AND('GRU'!F25<='LSTM'!F25,'GRU'!F25<='Hybrid LSTM-GRU'!F29),"✅ GRU — MAPE terkecil, model paling akurat","✅ Hybrid LSTM-GRU — MAPE terkecil, model paling akurat"))
A12: PANDUAN INTERPRETASI MAPE (Lewis, 1982)
A13: < 10% | C13: Sangat Baik — Model sangat layak digunakan
A14: 10% – 20% | C14: Baik — Model cukup layak digunakan
A15: 20% – 50% | C15: Cukup — Model perlu perbaikan
A16: > 50% | C16: Kurang — Model tidak layak, perlu diulang
