Workbook

Sheet BBRI
A1: Date | B1: Date | C1: Open | D1: High | E1: Low | F1: Close | G1: Volume | H1: Change | I1: Cumulative Return | J1: SMA-20 | K1: SMA-50
A2: =IFERROR(__xludf.DUMMYFUNCTION("""COMPUTED_VALUE"""),45293.6666666666) -> 45293.667 | B2: 45293 | C2: 5650 | D2: 5675 | E2: 5625 | F2: 5675 | G2: 91143100 | H2: 0 | I2: 0
A3: =IFERROR(__xludf.DUMMYFUNCTION("""COMPUTED_VALUE"""),45294.6666666666) -> 45294.667 | B3: 45294 | C3: 5625 | D3: 5650 | E3: 5600 | F3: 5600 | G3: 83659700 | H3: =(F3-F2)/F2 -> -0.013215859 | I3: =(F3-$F$2)/$F$2 -> -0.013215859
A4: =IFERROR(__xludf.DUMMYFUNCTION("""COMPUTED_VALUE"""),45295.6666666666) -> 45295.667 | B4: 45295 | C4: 5600 | D4: 5700 | E4: 5575 | F4: 5700 | G4: 92683500 | H4: =(F4-F3)/F3 -> 0.017857143 | I4: =(F4-$F$2)/$F$2 -> 0.0044052863
A5: =IFERROR(__xludf.DUMMYFUNCTION("""COMPUTED_VALUE"""),45296.6666666666) -> 45296.667 | B5: 45296 | C5: 5725 | D5: 5850 | E5: 5700 | F5: 5750 | G5: 134929600 | H5: =(F5-F4)/F4 -> 0.0087719298 | I5: =(F5-$F$2)/$F$2 -> 0.013215859
A6: =IFERROR(__xludf.DUMMYFUNCTION("""COMPUTED_VALUE"""),45299.6666666666) -> 45299.667 | B6: 45299 | C6: 5750 | D6: 5800 | E6: 5625 | F6: 5625 | G6: 152015000 | H6: =(F6-F5)/F5 -> -0.02173913 | I6: =(F6-$F$2)/$F$2 -> -0.0088105727
A7: =IFERROR(__xludf.DUMMYFUNCTION("""COMPUTED_VALUE"""),45300.6666666666) -> 45300.667 | B7: 45300 | C7: 5625 | D7: 5700 | E7: 5625 | F7: 5700 | G7: 105666200 | H7: =(F7-F6)/F6 -> 0.013333333 | I7: =(F7-$F$2)/$F$2 -> 0.0044052863
A8: =IFERROR(__xludf.DUMMYFUNCTION("""COMPUTED_VALUE"""),45301.6666666666) -> 45301.667 | B8: 45301 | C8: 5625 | D8: 5700 | E8: 5625 | F8: 5700 | G8: 82626400 | H8: =(F8-F7)/F7 -> 0 | I8: =(F8-$F$2)/$F$2 -> 0.0044052863
A9: =IFERROR(__xludf.DUMMYFUNCTION("""COMPUTED_VALUE"""),45302.6666666666) -> 45302.667 | B9: 45302 | C9: 5750 | D9: 5800 | E9: 5700 | F9: 5750 | G9: 116804400 | H9: =(F9-F8)/F8 -> 0.0087719298 | I9: =(F9-$F$2)/$F$2 -> 0.013215859
A10: =IFERROR(__xludf.DUMMYFUNCTION("""COMPUTED_VALUE"""),45303.6666666666) -> 45303.667 | B10: 45303 | C10: 5800 | D10: 5850 | E10: 5775 | F10: 5850 | G10: 109715700 | H10: =(F10-F9)/F9 -> 0.017391304 | I10: =(F10-$F$2)/$F$2 -> 0.030837004
A11: =IFERROR(__xludf.DUMMYFUNCTION("""COMPUTED_VALUE"""),45306.6666666666) -> 45306.667 | B11: 45306 | C11: 5850 | D11: 5900 | E11: 5775 | F11: 5825 | G11: 115126700 | H11: =(F11-F10)/F10 -> -0.0042735043 | I11: =(F11-$F$2)/$F$2 -> 0.026431718
A12: =IFERROR(__xludf.DUMMYFUNCTION("""COMPUTED_VALUE"""),45307.6666666666) -> 45307.667 | B12: 45307 | C12: 5825 | D12: 5875 | E12: 5775 | F12: 5825 | G12: 97074300 | H12: =(F12-F11)/F11 -> 0 | I12: =(F12-$F$2)/$F$2 -> 0.026431718
A13: =IFERROR(__xludf.DUMMYFUNCTION("""COMPUTED_VALUE"""),45308.6666666666) -> 45308.667 | B13: 45308 | C13: 5825 | D13: 5825 | E13: 5750 | F13: 5775 | G13: 107941600 | H13: =(F13-F12)/F12 -> -0.008583691 | I13: =(F13-$F$2)/$F$2 -> 0.017621145
A14: =IFERROR(__xludf.DUMMYFUNCTION("""COMPUTED_VALUE"""),45309.6666666666) -> 45309.667 | B14: 45309 | C14: 5800 | D14: 5800 | E14: 5700 | F14: 5750 | G14: 87259100 | H14: =(F14-F13)/F13 -> -0.0043290043 | I14: =(F14-$F$2)/$F$2 -> 0.013215859
A15: =IFERROR(__xludf.DUMMYFUNCTION("""COMPUTED_VALUE"""),45310.6666666666) -> 45310.667 | B15: 45310 | C15: 5750 | D15: 5800 | E15: 5700 | F15: 5800 | G15: 75370700 | H15: =(F15-F14)/F14 -> 0.0086956522 | I15: =(F15-$F$2)/$F$2 -> 0.022026432
A16: =IFERROR(__xludf.DUMMYFUNCTION("""COMPUTED_VALUE"""),45313.6666666666) -> 45313.667 | B16: 45313 | C16: 5775 | D16: 5800 | E16: 5700 | F16: 5775 | G16: 97545600 | H16: =(F16-F15)/F15 -> -0.0043103448 | I16: =(F16-$F$2)/$F$2 -> 0.017621145
A17: =IFERROR(__xludf.DUMMYFUNCTION("""COMPUTED_VALUE"""),45314.6666666666) -> 45314.667 | B17: 45314 | C17: 5700 | D17: 5750 | E17: 5650 | F17: 5700 | G17: 122999700 | H17: =(F17-F16)/F16 -> -0.012987013 | I17: =(F17-$F$2)/$F$2 -> 0.0044052863
A18: =IFERROR(__xludf.DUMMYFUNCTION("""COMPUTED_VALUE"""),45315.6666666666) -> 45315.667 | B18: 45315 | C18: 5675 | D18: 5700 | E18: 5575 | F18: 5650 | G18: 104225000 | H18: =(F18-F17)/F17 -> -0.0087719298 | I18: =(F18-$F$2)/$F$2 -> -0.0044052863
A19: =IFERROR(__xludf.DUMMYFUNCTION("""COMPUTED_VALUE"""),45316.6666666666) -> 45316.667 | B19: 45316 | C19: 5575 | D19: 5650 | E19: 5525 | F19: 5525 | G19: 120478800 | H19: =(F19-F18)/F18 -> -0.022123894 | I19: =(F19-$F$2)/$F$2 -> -0.026431718
A20: =IFERROR(__xludf.DUMMYFUNCTION("""COMPUTED_VALUE"""),45317.6666666666) -> 45317.667 | B20: 45317 | C20: 5450 | D20: 5475 | E20: 5400 | F20: 5425 | G20: 185244400 | H20: =(F20-F19)/F19 -> -0.018099548 | I20: =(F20-$F$2)/$F$2 -> -0.044052863
A21: =IFERROR(__xludf.DUMMYFUNCTION("""COMPUTED_VALUE"""),45320.6666666666) -> 45320.667 | B21: 45320 | C21: 5400 | D21: 5575 | E21: 5400 | F21: 5575 | G21: 145629600 | H21: =(F21-F20)/F20 -> 0.02764977 | I21: =(F21-$F$2)/$F$2 -> -0.017621145 | J21: =AVERAGE(F2:F21) -> 5698.75
A22: =IFERROR(__xludf.DUMMYFUNCTION("""COMPUTED_VALUE"""),45321.6666666666) -> 45321.667 | B22: 45321 | C22: 5525 | D22: 5650 | E22: 5475 | F22: 5625 | G22: 150513700 | H22: =(F22-F21)/F21 -> 0.0089686099 | I22: =(F22-$F$2)/$F$2 -> -0.0088105727 | J22: =AVERAGE(F3:F22) -> 5696.25
A23: =IFERROR(__xludf.DUMMYFUNCTION("""COMPUTED_VALUE"""),45322.6666666666) -> 45322.667 | B23: 45322 | C23: 5725 | D23: 5775 | E23: 5675 | F23: 5700 | G23: 245117200 | H23: =(F23-F22)/F22 -> 0.013333333 | I23: =(F23-$F$2)/$F$2 -> 0.0044052863 | J23: =AVERAGE(F4:F23) -> 5701.25
A24: =IFERROR(__xludf.DUMMYFUNCTION("""COMPUTED_VALUE"""),45323.6666666666) -> 45323.667 | B24: 45323 | C24: 5775 | D24: 5800 | E24: 5725 | F24: 5750 | G24: 156633900 | H24: =(F24-F23)/F23 -> 0.0087719298 | I24: =(F24-$F$2)/$F$2 -> 0.013215859 | J24: =AVERAGE(F5:F24) -> 5703.75
A25: =IFERROR(__xludf.DUMMYFUNCTION("""COMPUTED_VALUE"""),45324.6666666666) -> 45324.667 | B25: 45324 | C25: 5800 | D25: 5850 | E25: 5750 | F25: 5850 | G25: 177209700 | H25: =(F25-F24)/F24 -> 0.017391304 | I25: =(F25-$F$2)/$F$2 -> 0.030837004 | J25: =AVERAGE(F6:F25) -> 5708.75
A26: =IFERROR(__xludf.DUMMYFUNCTION("""COMPUTED_VALUE"""),45327.6666666666) -> 45327.667 | B26: 45327 | C26: 5800 | D26: 5825 | E26: 5750 | F26: 5775 | G26: 113760000 | H26: =(F26-F25)/F25 -> -0.012820513 | I26: =(F26-$F$2)/$F$2 -> 0.017621145 | J26: =AVERAGE(F7:F26) -> 5716.25
A27: =IFERROR(__xludf.DUMMYFUNCTION("""COMPUTED_VALUE"""),45328.6666666666) -> 45328.667 | B27: 45328 | C27: 5900 | D27: 5900 | E27: 5800 | F27: 5825 | G27: 126704300 | H27: =(F27-F26)/F26 -> 0.0086580087 | I27: =(F27-$F$2)/$F$2 -> 0.026431718 | J27: =AVERAGE(F8:F27) -> 5722.5
A28: =IFERROR(__xludf.DUMMYFUNCTION("""COMPUTED_VALUE"""),45329.6666666666) -> 45329.667 | B28: 45329 | C28: 5850 | D28: 5900 | E28: 5825 | F28: 5850 | G28: 147005300 | H28: =(F28-F27)/F27 -> 0.0042918455 | I28: =(F28-$F$2)/$F$2 -> 0.030837004 | J28: =AVERAGE(F9:F28) -> 5730
A29: =IFERROR(__xludf.DUMMYFUNCTION("""COMPUTED_VALUE"""),45334.6666666666) -> 45334.667 | B29: 45334 | C29: 5875 | D29: 6025 | E29: 5850 | F29: 6025 | G29: 171514600 | H29: =(F29-F28)/F28 -> 0.02991453 | I29: =(F29-$F$2)/$F$2 -> 0.061674009 | J29: =AVERAGE(F10:F29) -> 5743.75
A30: =IFERROR(__xludf.DUMMYFUNCTION("""COMPUTED_VALUE"""),45335.6666666666) -> 45335.667 | B30: 45335 | C30: 6050 | D30: 6050 | E30: 5950 | F30: 6000 | G30: 145852200 | H30: =(F30-F29)/F29 -> -0.0041493776 | I30: =(F30-$F$2)/$F$2 -> 0.057268722 | J30: =AVERAGE(F11:F30) -> 5751.25
A31: =IFERROR(__xludf.DUMMYFUNCTION("""COMPUTED_VALUE"""),45337.6666666666) -> 45337.667 | B31: 45337 | C31: 6275 | D31: 6275 | E31: 6100 | F31: 6125 | G31: 308685100 | H31: =(F31-F30)/F30 -> 0.020833333 | I31: =(F31-$F$2)/$F$2 -> 0.079295154 | J31: =AVERAGE(F12:F31) -> 5766.25
A32: =IFERROR(__xludf.DUMMYFUNCTION("""COMPUTED_VALUE"""),45338.6666666666) -> 45338.667 | B32: 45338 | C32: 6150 | D32: 6200 | E32: 6125 | F32: 6150 | G32: 130814400 | H32: =(F32-F31)/F31 -> 0.0040816327 | I32: =(F32-$F$2)/$F$2 -> 0.083700441 | J32: =AVERAGE(F13:F32) -> 5782.5
A33: =IFERROR(__xludf.DUMMYFUNCTION("""COMPUTED_VALUE"""),45341.6666666666) -> 45341.667 | B33: 45341 | C33: 6125 | D33: 6175 | E33: 6075 | F33: 6100 | G33: 111382900 | H33: =(F33-F32)/F32 -> -0.0081300813 | I33: =(F33-$F$2)/$F$2 -> 0.074889868 | J33: =AVERAGE(F14:F33) -> 5798.75
A34: =IFERROR(__xludf.DUMMYFUNCTION("""COMPUTED_VALUE"""),45342.6666666666) -> 45342.667 | B34: 45342 | C34: 6175 | D34: 6300 | E34: 6175 | F34: 6300 | G34: 160872600 | H34: =(F34-F33)/F33 -> 0.032786885 | I34: =(F34-$F$2)/$F$2 -> 0.11013216 | J34: =AVERAGE(F15:F34) -> 5826.25
A35: =IFERROR(__xludf.DUMMYFUNCTION("""COMPUTED_VALUE"""),45343.6666666666) -> 45343.667 | B35: 45343 | C35: 6325 | D35: 6375 | E35: 6225 | F35: 6300 | G35: 168423000 | H35: =(F35-F34)/F34 -> 0 | I35: =(F35-$F$2)/$F$2 -> 0.11013216 | J35: =AVERAGE(F16:F35) -> 5851.25
A36: =IFERROR(__xludf.DUMMYFUNCTION("""COMPUTED_VALUE"""),45344.6666666666) -> 45344.667 | B36: 45344 | C36: 6250 | D36: 6300 | E36: 6225 | F36: 6250 | G36: 100256000 | H36: =(F36-F35)/F35 -> -0.0079365079 | I36: =(F36-$F$2)/$F$2 -> 0.10132159 | J36: =AVERAGE(F17:F36) -> 5875
A37: =IFERROR(__xludf.DUMMYFUNCTION("""COMPUTED_VALUE"""),45345.6666666666) -> 45345.667 | B37: 45345 | C37: 6125 | D37: 6175 | E37: 6050 | F37: 6125 | G37: 148643000 | H37: =(F37-F36)/F36 -> -0.02 | I37: =(F37-$F$2)/$F$2 -> 0.079295154 | J37: =AVERAGE(F18:F37) -> 5896.25
A38: =IFERROR(__xludf.DUMMYFUNCTION("""COMPUTED_VALUE"""),45348.6666666666) -> 45348.667 | B38: 45348 | C38: 6100 | D38: 6200 | E38: 6075 | F38: 6175 | G38: 98920800 | H38: =(F38-F37)/F37 -> 0.0081632653 | I38: =(F38-$F$2)/$F$2 -> 0.088105727 | J38: =AVERAGE(F19:F38) -> 5922.5
A39: =IFERROR(__xludf.DUMMYFUNCTION("""COMPUTED_VALUE"""),45349.6666666666) -> 45349.667 | B39: 45349 | C39: 6125 | D39: 6200 | E39: 6125 | F39: 6125 | G39: 99187500 | H39: =(F39-F38)/F38 -> -0.008097166 | I39: =(F39-$F$2)/$F$2 -> 0.079295154 | J39: =AVERAGE(F20:F39) -> 5952.5
A40: =IFERROR(__xludf.DUMMYFUNCTION("""COMPUTED_VALUE"""),45350.6666666666) -> 45350.667 | B40: 45350 | C40: 6100 | D40: 6225 | E40: 6100 | F40: 6225 | G40: 97236700 | H40: =(F40-F39)/F39 -> 0.016326531 | I40: =(F40-$F$2)/$F$2 -> 0.0969163 | J40: =AVERAGE(F21:F40) -> 5992.5
A41: =IFERROR(__xludf.DUMMYFUNCTION("""COMPUTED_VALUE"""),45351.6666666666) -> 45351.667 | B41: 45351 | C41: 6150 | D41: 6200 | E41: 6125 | F41: 6125 | G41: 173774600 | H41: =(F41-F40)/F40 -> -0.016064257 | I41: =(F41-$F$2)/$F$2 -> 0.079295154 | J41: =AVERAGE(F22:F41) -> 6020
A42: =IFERROR(__xludf.DUMMYFUNCTION("""COMPUTED_VALUE"""),45352.6666666666) -> 45352.667 | B42: 45352 | C42: 6175 | D42: 6175 | E42: 6075 | F42: 6125 | G42: 76286400 | H42: =(F42-F41)/F41 -> 0 | I42: =(F42-$F$2)/$F$2 -> 0.079295154 | J42: =AVERAGE(F23:F42) -> 6045
A43: =IFERROR(__xludf.DUMMYFUNCTION("""COMPUTED_VALUE"""),45355.6666666666) -> 45355.667 | B43: 45355 | C43: 6125 | D43: 6125 | E43: 6050 | F43: 6050 | G43: 70354900 | H43: =(F43-F42)/F42 -> -0.012244898 | I43: =(F43-$F$2)/$F$2 -> 0.066079295 | J43: =AVERAGE(F24:F43) -> 6062.5
A44: =IFERROR(__xludf.DUMMYFUNCTION("""COMPUTED_VALUE"""),45356.6666666666) -> 45356.667 | B44: 45356 | C44: 6100 | D44: 6175 | E44: 6075 | F44: 6125 | G44: 115084600 | H44: =(F44-F43)/F43 -> 0.012396694 | I44: =(F44-$F$2)/$F$2 -> 0.079295154 | J44: =AVERAGE(F25:F44) -> 6081.25
A45: =IFERROR(__xludf.DUMMYFUNCTION("""COMPUTED_VALUE"""),45357.6666666666) -> 45357.667 | B45: 45357 | C45: 6100 | D45: 6200 | E45: 6100 | F45: 6200 | G45: 84108800 | H45: =(F45-F44)/F44 -> 0.012244898 | I45: =(F45-$F$2)/$F$2 -> 0.092511013 | J45: =AVERAGE(F26:F45) -> 6098.75
A46: =IFERROR(__xludf.DUMMYFUNCTION("""COMPUTED_VALUE"""),45358.6666666666) -> 45358.667 | B46: 45358 | C46: 6200 | D46: 6275 | E46: 6200 | F46: 6225 | G46: 117724700 | H46: =(F46-F45)/F45 -> 0.0040322581 | I46: =(F46-$F$2)/$F$2 -> 0.0969163 | J46: =AVERAGE(F27:F46) -> 6121.25
A47: =IFERROR(__xludf.DUMMYFUNCTION("""COMPUTED_VALUE"""),45359.6666666666) -> 45359.667 | B47: 45359 | C47: 6275 | D47: 6400 | E47: 6250 | F47: 6350 | G47: 163060000 | H47: =(F47-F46)/F46 -> 0.020080321 | I47: =(F47-$F$2)/$F$2 -> 0.11894273 | J47: =AVERAGE(F28:F47) -> 6147.5
A48: =IFERROR(__xludf.DUMMYFUNCTION("""COMPUTED_VALUE"""),45364.6666666666) -> 45364.667 | B48: 45364 | C48: 6350 | D48: 6450 | E48: 6350 | F48: 6400 | G48: 195173100 | H48: =(F48-F47)/F47 -> 0.0078740157 | I48: =(F48-$F$2)/$F$2 -> 0.1277533 | J48: =AVERAGE(F29:F48) -> 6175
A49: =IFERROR(__xludf.DUMMYFUNCTION("""COMPUTED_VALUE"""),45365.6666666666) -> 45365.667 | B49: 45365 | C49: 6175 | D49: 6200 | E49: 6050 | F49: 6150 | G49: 271254000 | H49: =(F49-F48)/F48 -> -0.0390625 | I49: =(F49-$F$2)/$F$2 -> 0.083700441 | J49: =AVERAGE(F30:F49) -> 6181.25
A50: =IFERROR(__xludf.DUMMYFUNCTION("""COMPUTED_VALUE"""),45366.6666666666) -> 45366.667 | B50: 45366 | C50: 6000 | D50: 6075 | E50: 5950 | F50: 5975 | G50: 305995800 | H50: =(F50-F49)/F49 -> -0.028455285 | I50: =(F50-$F$2)/$F$2 -> 0.052863436 | J50: =AVERAGE(F31:F50) -> 6180
A51: =IFERROR(__xludf.DUMMYFUNCTION("""COMPUTED_VALUE"""),45369.6666666666) -> 45369.667 | B51: 45369 | C51: 6000 | D51: 6100 | E51: 5975 | F51: 6000 | G51: 110564700 | H51: =(F51-F50)/F50 -> 0.0041841004 | I51: =(F51-$F$2)/$F$2 -> 0.057268722 | J51: =AVERAGE(F32:F51) -> 6173.75 | K51: =AVERAGE(F2:F51) -> 5919.5
A52: =IFERROR(__xludf.DUMMYFUNCTION("""COMPUTED_VALUE"""),45370.6666666666) -> 45370.667 | B52: 45370 | C52: 6000 | D52: 6050 | E52: 5975 | F52: 6000 | G52: 114338600 | H52: =(F52-F51)/F51 -> 0 | I52: =(F52-$F$2)/$F$2 -> 0.057268722 | J52: =AVERAGE(F33:F52) -> 6166.25 | K52: =AVERAGE(F3:F52) -> 5926
A53: =IFERROR(__xludf.DUMMYFUNCTION("""COMPUTED_VALUE"""),45371.6666666666) -> 45371.667 | B53: 45371 | C53: 6000 | D53: 6100 | E53: 6000 | F53: 6100 | G53: 120885400 | H53: =(F53-F52)/F52 -> 0.016666667 | I53: =(F53-$F$2)/$F$2 -> 0.074889868 | J53: =AVERAGE(F34:F53) -> 6166.25 | K53: =AVERAGE(F4:F53) -> 5936
A54: =IFERROR(__xludf.DUMMYFUNCTION("""COMPUTED_VALUE"""),45372.6666666666) -> 45372.667 | B54: 45372 | C54: 6175 | D54: 6200 | E54: 6100 | F54: 6100 | G54: 136020000 | H54: =(F54-F53)/F53 -> 0 | I54: =(F54-$F$2)/$F$2 -> 0.074889868 | J54: =AVERAGE(F35:F54) -> 6156.25 | K54: =AVERAGE(F5:F54) -> 5944
A55: =IFERROR(__xludf.DUMMYFUNCTION("""COMPUTED_VALUE"""),45373.6666666666) -> 45373.667 | B55: 45373 | C55: 6050 | D55: 6125 | E55: 6050 | F55: 6125 | G55: 46529200 | H55: =(F55-F54)/F54 -> 0.0040983607 | I55: =(F55-$F$2)/$F$2 -> 0.079295154 | J55: =AVERAGE(F36:F55) -> 6147.5 | K55: =AVERAGE(F6:F55) -> 5951.5
A56: =IFERROR(__xludf.DUMMYFUNCTION("""COMPUTED_VALUE"""),45376.6666666666) -> 45376.667 | B56: 45376 | C56: 6250 | D56: 6250 | E56: 6125 | F56: 6250 | G56: 115729600 | H56: =(F56-F55)/F55 -> 0.020408163 | I56: =(F56-$F$2)/$F$2 -> 0.10132159 | J56: =AVERAGE(F37:F56) -> 6147.5 | K56: =AVERAGE(F7:F56) -> 5964
A57: =IFERROR(__xludf.DUMMYFUNCTION("""COMPUTED_VALUE"""),45377.6666666666) -> 45377.667 | B57: 45377 | C57: 6300 | D57: 6300 | E57: 6200 | F57: 6300 | G57: 120748400 | H57: =(F57-F56)/F56 -> 0.008 | I57: =(F57-$F$2)/$F$2 -> 0.11013216 | J57: =AVERAGE(F38:F57) -> 6156.25 | K57: =AVERAGE(F8:F57) -> 5976
A58: =IFERROR(__xludf.DUMMYFUNCTION("""COMPUTED_VALUE"""),45378.6666666666) -> 45378.667 | B58: 45378 | C58: 6300 | D58: 6325 | E58: 6225 | F58: 6250 | G58: 73308900 | H58: =(F58-F57)/F57 -> -0.0079365079 | I58: =(F58-$F$2)/$F$2 -> 0.10132159 | J58: =AVERAGE(F39:F58) -> 6160 | K58: =AVERAGE(F9:F58) -> 5987
A59: =IFERROR(__xludf.DUMMYFUNCTION("""COMPUTED_VALUE"""),45379.6666666666) -> 45379.667 | B59: 45379 | C59: 6100 | D59: 6200 | E59: 6025 | F59: 6050 | G59: 288926900 | H59: =(F59-F58)/F58 -> -0.032 | I59: =(F59-$F$2)/$F$2 -> 0.066079295 | J59: =AVERAGE(F40:F59) -> 6156.25 | K59: =AVERAGE(F10:F59) -> 5993
A60: =IFERROR(__xludf.DUMMYFUNCTION("""COMPUTED_VALUE"""),45383.6666666666) -> 45383.667 | B60: 45383 | C60: 6000 | D60: 6025 | E60: 5825 | F60: 5925 | G60: 217207800 | H60: =(F60-F59)/F59 -> -0.020661157 | I60: =(F60-$F$2)/$F$2 -> 0.044052863 | J60: =AVERAGE(F41:F60) -> 6141.25 | K60: =AVERAGE(F11:F60) -> 5994.5
A61: =IFERROR(__xludf.DUMMYFUNCTION("""COMPUTED_VALUE"""),45384.6666666666) -> 45384.667 | B61: 45384 | C61: 5850 | D61: 5950 | E61: 5625 | F61: 5675 | G61: 412180900 | H61: =(F61-F60)/F60 -> -0.042194093 | I61: =(F61-$F$2)/$F$2 -> 0 | J61: =AVERAGE(F42:F61) -> 6118.75 | K61: =AVERAGE(F12:F61) -> 5991.5
A62: =IFERROR(__xludf.DUMMYFUNCTION("""COMPUTED_VALUE"""),45385.6666666666) -> 45385.667 | B62: 45385 | C62: 5575 | D62: 5675 | E62: 5525 | F62: 5625 | G62: 333518700 | H62: =(F62-F61)/F61 -> -0.0088105727 | I62: =(F62-$F$2)/$F$2 -> -0.0088105727 | J62: =AVERAGE(F43:F62) -> 6093.75 | K62: =AVERAGE(F13:F62) -> 5987.5
A63: =IFERROR(__xludf.DUMMYFUNCTION("""COMPUTED_VALUE"""),45386.6666666666) -> 45386.667 | B63: 45386 | C63: 5650 | D63: 5750 | E63: 5650 | F63: 5700 | G63: 131936100 | H63: =(F63-F62)/F62 -> 0.013333333 | I63: =(F63-$F$2)/$F$2 -> 0.0044052863 | J63: =AVERAGE(F44:F63) -> 6076.25 | K63: =AVERAGE(F14:F63) -> 5986
A64: =IFERROR(__xludf.DUMMYFUNCTION("""COMPUTED_VALUE"""),45387.6666666666) -> 45387.667 | B64: 45387 | C64: 5625 | D64: 5700 | E64: 5625 | F64: 5650 | G64: 178817800 | H64: =(F64-F63)/F63 -> -0.0087719298 | I64: =(F64-$F$2)/$F$2 -> -0.0044052863 | J64: =AVERAGE(F45:F64) -> 6052.5 | K64: =AVERAGE(F15:F64) -> 5984
A65: =IFERROR(__xludf.DUMMYFUNCTION("""COMPUTED_VALUE"""),45398.6666666666) -> 45398.667 | B65: 45398 | C65: 5375 | D65: 5575 | E65: 5350 | F65: 5350 | G65: 600717500 | H65: =(F65-F64)/F64 -> -0.053097345 | I65: =(F65-$F$2)/$F$2 -> -0.057268722 | J65: =AVERAGE(F46:F65) -> 6010 | K65: =AVERAGE(F16:F65) -> 5975
A66: =IFERROR(__xludf.DUMMYFUNCTION("""COMPUTED_VALUE"""),45399.6666666666) -> 45399.667 | B66: 45399 | C66: 5475 | D66: 5500 | E66: 5300 | F66: 5300 | G66: 244002000 | H66: =(F66-F65)/F65 -> -0.0093457944 | I66: =(F66-$F$2)/$F$2 -> -0.066079295 | J66: =AVERAGE(F47:F66) -> 5963.75 | K66: =AVERAGE(F17:F66) -> 5965.5
A67: =IFERROR(__xludf.DUMMYFUNCTION("""COMPUTED_VALUE"""),45400.6666666666) -> 45400.667 | B67: 45400 | C67: 5300 | D67: 5500 | E67: 5300 | F67: 5475 | G67: 247410700 | H67: =(F67-F66)/F66 -> 0.033018868 | I67: =(F67-$F$2)/$F$2 -> -0.035242291 | J67: =AVERAGE(F48:F67) -> 5920 | K67: =AVERAGE(F18:F67) -> 5961
A68: =IFERROR(__xludf.DUMMYFUNCTION("""COMPUTED_VALUE"""),45401.6666666666) -> 45401.667 | B68: 45401 | C68: 5350 | D68: 5375 | E68: 5250 | F68: 5275 | G68: 258211500 | H68: =(F68-F67)/F67 -> -0.03652968 | I68: =(F68-$F$2)/$F$2 -> -0.070484581 | J68: =AVERAGE(F49:F68) -> 5863.75 | K68: =AVERAGE(F19:F68) -> 5953.5
A69: =IFERROR(__xludf.DUMMYFUNCTION("""COMPUTED_VALUE"""),45404.6666666666) -> 45404.667 | B69: 45404 | C69: 5200 | D69: 5325 | E69: 5150 | F69: 5300 | G69: 342282800 | H69: =(F69-F68)/F68 -> 0.0047393365 | I69: =(F69-$F$2)/$F$2 -> -0.066079295 | J69: =AVERAGE(F50:F69) -> 5821.25 | K69: =AVERAGE(F20:F69) -> 5949
A70: =IFERROR(__xludf.DUMMYFUNCTION("""COMPUTED_VALUE"""),45405.6666666666) -> 45405.667 | B70: 45405 | C70: 5350 | D70: 5400 | E70: 5225 | F70: 5300 | G70: 281403100 | H70: =(F70-F69)/F69 -> 0 | I70: =(F70-$F$2)/$F$2 -> -0.066079295 | J70: =AVERAGE(F51:F70) -> 5787.5 | K70: =AVERAGE(F21:F70) -> 5946.5
A71: =IFERROR(__xludf.DUMMYFUNCTION("""COMPUTED_VALUE"""),45406.6666666666) -> 45406.667 | B71: 45406 | C71: 5250 | D71: 5350 | E71: 5150 | F71: 5225 | G71: 471241400 | H71: =(F71-F70)/F70 -> -0.014150943 | I71: =(F71-$F$2)/$F$2 -> -0.079295154 | J71: =AVERAGE(F52:F71) -> 5748.75 | K71: =AVERAGE(F22:F71) -> 5939.5
A72: =IFERROR(__xludf.DUMMYFUNCTION("""COMPUTED_VALUE"""),45407.6666666666) -> 45407.667 | B72: 45407 | C72: 5125 | D72: 5200 | E72: 5050 | F72: 5150 | G72: 479170900 | H72: =(F72-F71)/F71 -> -0.014354067 | I72: =(F72-$F$2)/$F$2 -> -0.092511013 | J72: =AVERAGE(F53:F72) -> 5706.25 | K72: =AVERAGE(F23:F72) -> 5930
A73: =IFERROR(__xludf.DUMMYFUNCTION("""COMPUTED_VALUE"""),45408.6666666666) -> 45408.667 | B73: 45408 | C73: 5050 | D73: 5100 | E73: 4830 | F73: 4830 | G73: 782589900 | H73: =(F73-F72)/F72 -> -0.062135922 | I73: =(F73-$F$2)/$F$2 -> -0.14889868 | J73: =AVERAGE(F54:F73) -> 5642.75 | K73: =AVERAGE(F24:F73) -> 5912.6
A74: =IFERROR(__xludf.DUMMYFUNCTION("""COMPUTED_VALUE"""),45411.6666666666) -> 45411.667 | B74: 45411 | C74: 4700 | D74: 4890 | E74: 4680 | F74: 4770 | G74: 700644800 | H74: =(F74-F73)/F73 -> -0.01242236 | I74: =(F74-$F$2)/$F$2 -> -0.15947137 | J74: =AVERAGE(F55:F74) -> 5576.25 | K74: =AVERAGE(F25:F74) -> 5893
A75: =IFERROR(__xludf.DUMMYFUNCTION("""COMPUTED_VALUE"""),45412.6666666666) -> 45412.667 | B75: 45412 | C75: 4850 | D75: 5050 | E75: 4820 | F75: 4940 | G75: 565609200 | H75: =(F75-F74)/F74 -> 0.035639413 | I75: =(F75-$F$2)/$F$2 -> -0.12951542 | J75: =AVERAGE(F56:F75) -> 5517 | K75: =AVERAGE(F26:F75) -> 5874.8
A76: =IFERROR(__xludf.DUMMYFUNCTION("""COMPUTED_VALUE"""),45414.6666666666) -> 45414.667 | B76: 45414 | C76: 4910 | D76: 4920 | E76: 4700 | F76: 4760 | G76: 636922100 | H76: =(F76-F75)/F75 -> -0.036437247 | I76: =(F76-$F$2)/$F$2 -> -0.16123348 | J76: =AVERAGE(F57:F76) -> 5442.5 | K76: =AVERAGE(F27:F76) -> 5854.5
A77: =IFERROR(__xludf.DUMMYFUNCTION("""COMPUTED_VALUE"""),45415.6666666666) -> 45415.667 | B77: 45415 | C77: 4760 | D77: 4830 | E77: 4710 | F77: 4750 | G77: 321697200 | H77: =(F77-F76)/F76 -> -0.0021008403 | I77: =(F77-$F$2)/$F$2 -> -0.16299559 | J77: =AVERAGE(F58:F77) -> 5365 | K77: =AVERAGE(F28:F77) -> 5833
A78: =IFERROR(__xludf.DUMMYFUNCTION("""COMPUTED_VALUE"""),45418.6666666666) -> 45418.667 | B78: 45418 | C78: 4800 | D78: 4840 | E78: 4730 | F78: 4790 | G78: 262707400 | H78: =(F78-F77)/F77 -> 0.0084210526 | I78: =(F78-$F$2)/$F$2 -> -0.15594714 | J78: =AVERAGE(F59:F78) -> 5292 | K78: =AVERAGE(F29:F78) -> 5811.8
A79: =IFERROR(__xludf.DUMMYFUNCTION("""COMPUTED_VALUE"""),45419.6666666666) -> 45419.667 | B79: 45419 | C79: 4770 | D79: 4780 | E79: 4670 | F79: 4670 | G79: 304013600 | H79: =(F79-F78)/F78 -> -0.025052192 | I79: =(F79-$F$2)/$F$2 -> -0.17709251 | J79: =AVERAGE(F60:F79) -> 5223 | K79: =AVERAGE(F30:F79) -> 5784.7
A80: =IFERROR(__xludf.DUMMYFUNCTION("""COMPUTED_VALUE"""),45420.6666666666) -> 45420.667 | B80: 45420 | C80: 4650 | D80: 4740 | E80: 4570 | F80: 4680 | G80: 572275800 | H80: =(F80-F79)/F79 -> 0.0021413276 | I80: =(F80-$F$2)/$F$2 -> -0.1753304 | J80: =AVERAGE(F61:F80) -> 5160.75 | K80: =AVERAGE(F31:F80) -> 5758.3
A81: =IFERROR(__xludf.DUMMYFUNCTION("""COMPUTED_VALUE"""),45425.6666666666) -> 45425.667 | B81: 45425 | C81: 4650 | D81: 4700 | E81: 4630 | F81: 4680 | G81: 320067100 | H81: =(F81-F80)/F80 -> 0 | I81: =(F81-$F$2)/$F$2 -> -0.1753304 | J81: =AVERAGE(F62:F81) -> 5111 | K81: =AVERAGE(F32:F81) -> 5729.4
A82: =IFERROR(__xludf.DUMMYFUNCTION("""COMPUTED_VALUE"""),45426.6666666666) -> 45426.667 | B82: 45426 | C82: 4720 | D82: 4810 | E82: 4700 | F82: 4730 | G82: 341458900 | H82: =(F82-F81)/F81 -> 0.010683761 | I82: =(F82-$F$2)/$F$2 -> -0.16651982 | J82: =AVERAGE(F63:F82) -> 5066.25 | K82: =AVERAGE(F33:F82) -> 5701
A83: =IFERROR(__xludf.DUMMYFUNCTION("""COMPUTED_VALUE"""),45427.6666666666) -> 45427.667 | B83: 45427 | C83: 4780 | D83: 4870 | E83: 4760 | F83: 4820 | G83: 298990300 | H83: =(F83-F82)/F82 -> 0.019027484 | I83: =(F83-$F$2)/$F$2 -> -0.15066079 | J83: =AVERAGE(F64:F83) -> 5022.25 | K83: =AVERAGE(F34:F83) -> 5675.4
A84: =IFERROR(__xludf.DUMMYFUNCTION("""COMPUTED_VALUE"""),45428.6666666666) -> 45428.667 | B84: 45428 | C84: 4930 | D84: 4960 | E84: 4840 | F84: 4840 | G84: 371295000 | H84: =(F84-F83)/F83 -> 0.0041493776 | I84: =(F84-$F$2)/$F$2 -> -0.14713656 | J84: =AVERAGE(F65:F84) -> 4981.75 | K84: =AVERAGE(F35:F84) -> 5646.2
A85: =IFERROR(__xludf.DUMMYFUNCTION("""COMPUTED_VALUE"""),45429.6666666666) -> 45429.667 | B85: 45429 | C85: 4840 | D85: 4960 | E85: 4820 | F85: 4920 | G85: 208991800 | H85: =(F85-F84)/F84 -> 0.016528926 | I85: =(F85-$F$2)/$F$2 -> -0.13303965 | J85: =AVERAGE(F66:F85) -> 4960.25 | K85: =AVERAGE(F36:F85) -> 5618.6
A86: =IFERROR(__xludf.DUMMYFUNCTION("""COMPUTED_VALUE"""),45432.6666666666) -> 45432.667 | B86: 45432 | C86: 4990 | D86: 5050 | E86: 4820 | F86: 4820 | G86: 335150700 | H86: =(F86-F85)/F85 -> -0.020325203 | I86: =(F86-$F$2)/$F$2 -> -0.15066079 | J86: =AVERAGE(F67:F86) -> 4936.25 | K86: =AVERAGE(F37:F86) -> 5590
A87: =IFERROR(__xludf.DUMMYFUNCTION("""COMPUTED_VALUE"""),45433.6666666666) -> 45433.667 | B87: 45433 | C87: 4810 | D87: 4870 | E87: 4680 | F87: 4680 | G87: 271568800 | H87: =(F87-F86)/F86 -> -0.029045643 | I87: =(F87-$F$2)/$F$2 -> -0.1753304 | J87: =AVERAGE(F68:F87) -> 4896.5 | K87: =AVERAGE(F38:F87) -> 5561.1
A88: =IFERROR(__xludf.DUMMYFUNCTION("""COMPUTED_VALUE"""),45434.6666666666) -> 45434.667 | B88: 45434 | C88: 4650 | D88: 4770 | E88: 4650 | F88: 4720 | G88: 215066000 | H88: =(F88-F87)/F87 -> 0.0085470085 | I88: =(F88-$F$2)/$F$2 -> -0.16828194 | J88: =AVERAGE(F69:F88) -> 4868.75 | K88: =AVERAGE(F39:F88) -> 5532
A89: =IFERROR(__xludf.DUMMYFUNCTION("""COMPUTED_VALUE"""),45439.6666666666) -> 45439.667 | B89: 45439 | C89: 4700 | D89: 4720 | E89: 4550 | F89: 4550 | G89: 363719300 | H89: =(F89-F88)/F88 -> -0.036016949 | I89: =(F89-$F$2)/$F$2 -> -0.19823789 | J89: =AVERAGE(F70:F89) -> 4831.25 | K89: =AVERAGE(F40:F89) -> 5500.5
A90: =IFERROR(__xludf.DUMMYFUNCTION("""COMPUTED_VALUE"""),45440.6666666666) -> 45440.667 | B90: 45440 | C90: 4580 | D90: 4630 | E90: 4520 | F90: 4530 | G90: 258070200 | H90: =(F90-F89)/F89 -> -0.0043956044 | I90: =(F90-$F$2)/$F$2 -> -0.20176211 | J90: =AVERAGE(F71:F90) -> 4792.75 | K90: =AVERAGE(F41:F90) -> 5466.6
A91: =IFERROR(__xludf.DUMMYFUNCTION("""COMPUTED_VALUE"""),45441.6666666666) -> 45441.667 | B91: 45441 | C91: 4480 | D91: 4500 | E91: 4400 | F91: 4410 | G91: 465008500 | H91: =(F91-F90)/F90 -> -0.026490066 | I91: =(F91-$F$2)/$F$2 -> -0.22290749 | J91: =AVERAGE(F72:F91) -> 4752 | K91: =AVERAGE(F42:F91) -> 5432.3
A92: =IFERROR(__xludf.DUMMYFUNCTION("""COMPUTED_VALUE"""),45442.6666666666) -> 45442.667 | B92: 45442 | C92: 4400 | D92: 4480 | E92: 4310 | F92: 4380 | G92: 502927800 | H92: =(F92-F91)/F91 -> -0.0068027211 | I92: =(F92-$F$2)/$F$2 -> -0.22819383 | J92: =AVERAGE(F73:F92) -> 4713.5 | K92: =AVERAGE(F43:F92) -> 5397.4
A93: =IFERROR(__xludf.DUMMYFUNCTION("""COMPUTED_VALUE"""),45443.6666666666) -> 45443.667 | B93: 45443 | C93: 4430 | D93: 4470 | E93: 4330 | F93: 4340 | G93: 655144100 | H93: =(F93-F92)/F92 -> -0.0091324201 | I93: =(F93-$F$2)/$F$2 -> -0.23524229 | J93: =AVERAGE(F74:F93) -> 4689 | K93: =AVERAGE(F44:F93) -> 5363.2
A94: =IFERROR(__xludf.DUMMYFUNCTION("""COMPUTED_VALUE"""),45446.6666666666) -> 45446.667 | B94: 45446 | C94: 4430 | D94: 4560 | E94: 4400 | F94: 4530 | G94: 345770100 | H94: =(F94-F93)/F93 -> 0.043778802 | I94: =(F94-$F$2)/$F$2 -> -0.20176211 | J94: =AVERAGE(F75:F94) -> 4677 | K94: =AVERAGE(F45:F94) -> 5331.3
A95: =IFERROR(__xludf.DUMMYFUNCTION("""COMPUTED_VALUE"""),45447.6666666666) -> 45447.667 | B95: 45447 | C95: 4560 | D95: 4590 | E95: 4450 | F95: 4450 | G95: 332902200 | H95: =(F95-F94)/F94 -> -0.017660044 | I95: =(F95-$F$2)/$F$2 -> -0.21585903 | J95: =AVERAGE(F76:F95) -> 4652.5 | K95: =AVERAGE(F46:F95) -> 5296.3
A96: =IFERROR(__xludf.DUMMYFUNCTION("""COMPUTED_VALUE"""),45448.6666666666) -> 45448.667 | B96: 45448 | C96: 4500 | D96: 4500 | E96: 4400 | F96: 4400 | G96: 240788500 | H96: =(F96-F95)/F95 -> -0.011235955 | I96: =(F96-$F$2)/$F$2 -> -0.2246696 | J96: =AVERAGE(F77:F96) -> 4634.5 | K96: =AVERAGE(F47:F96) -> 5259.8
A97: =IFERROR(__xludf.DUMMYFUNCTION("""COMPUTED_VALUE"""),45449.6666666666) -> 45449.667 | C97: 4450 | D97: 4500 | E97: 4390 | F97: 4500 | G97: 281534200 | H97: =(F97-F96)/F96 -> 0.022727273 | I97: =(F97-$F$2)/$F$2 -> -0.20704846 | J97: =AVERAGE(F78:F97) -> 4622 | K97: =AVERAGE(F48:F97) -> 5222.8
A98: =IFERROR(__xludf.DUMMYFUNCTION("""COMPUTED_VALUE"""),45450.6666666666) -> 45450.667 | C98: 4490 | D98: 4500 | E98: 4350 | F98: 4350 | G98: 375439600 | H98: =(F98-F97)/F97 -> -0.033333333 | I98: =(F98-$F$2)/$F$2 -> -0.23348018 | J98: =AVERAGE(F79:F98) -> 4600 | K98: =AVERAGE(F49:F98) -> 5181.8
A99: =IFERROR(__xludf.DUMMYFUNCTION("""COMPUTED_VALUE"""),45453.6666666666) -> 45453.667 | C99: 4350 | D99: 4430 | E99: 4320 | F99: 4400 | G99: 181387000 | H99: =(F99-F98)/F98 -> 0.011494253 | I99: =(F99-$F$2)/$F$2 -> -0.2246696 | J99: =AVERAGE(F80:F99) -> 4586.5 | K99: =AVERAGE(F50:F99) -> 5146.8
A100: =IFERROR(__xludf.DUMMYFUNCTION("""COMPUTED_VALUE"""),45454.6666666666) -> 45454.667 | C100: 4380 | D100: 4440 | E100: 4340 | F100: 4340 | G100: 197854400 | H100: =(F100-F99)/F99 -> -0.013636364 | I100: =(F100-$F$2)/$F$2 -> -0.23524229 | J100: =AVERAGE(F81:F100) -> 4569.5 | K100: =AVERAGE(F51:F100) -> 5114.1
...

Sheet BBCA
A1: Date | C1: Open | D1: High | E1: Low | F1: Close | G1: Volume | H1: Change
A2: =IFERROR(__xludf.DUMMYFUNCTION("""COMPUTED_VALUE"""),45293.6666666666) -> 45293.667 | C2: 9400 | D2: 9425 | E2: 9350 | F2: 9425 | G2: 30545200 | H2: 0 | I2: 0
A3: =IFERROR(__xludf.DUMMYFUNCTION("""COMPUTED_VALUE"""),45294.6666666666) -> 45294.667 | C3: 9425 | D3: 9425 | E3: 9325 | F3: 9350 | G3: 34603300 | H3: =(F3-F2)/F2 -> -0.0079575597 | I3: =(F3-$F$2)/$F$2 -> -0.0079575597
A4: =IFERROR(__xludf.DUMMYFUNCTION("""COMPUTED_VALUE"""),45295.6666666666) -> 45295.667 | C4: 9400 | D4: 9475 | E4: 9375 | F4: 9475 | G4: 56501800 | H4: =(F4-F3)/F3 -> 0.013368984 | I4: =(F4-$F$2)/$F$2 -> 0.0053050398
A5: =IFERROR(__xludf.DUMMYFUNCTION("""COMPUTED_VALUE"""),45296.6666666666) -> 45296.667 | C5: 9500 | D5: 9600 | E5: 9475 | F5: 9575 | G5: 85290100 | H5: =(F5-F4)/F4 -> 0.01055409 | I5: =(F5-$F$2)/$F$2 -> 0.015915119
A6: =IFERROR(__xludf.DUMMYFUNCTION("""COMPUTED_VALUE"""),45299.6666666666) -> 45299.667 | C6: 9600 | D6: 9625 | E6: 9475 | F6: 9575 | G6: 50896000 | H6: =(F6-F5)/F5 -> 0 | I6: =(F6-$F$2)/$F$2 -> 0.015915119
A7: =IFERROR(__xludf.DUMMYFUNCTION("""COMPUTED_VALUE"""),45300.6666666666) -> 45300.667 | C7: 9600 | D7: 9625 | E7: 9575 | F7: 9625 | G7: 59848600 | H7: =(F7-F6)/F6 -> 0.0052219321 | I7: =(F7-$F$2)/$F$2 -> 0.021220159
A8: =IFERROR(__xludf.DUMMYFUNCTION("""COMPUTED_VALUE"""),45301.6666666666) -> 45301.667 | C8: 9650 | D8: 9650 | E8: 9550 | F8: 9550 | G8: 52774900 | H8: =(F8-F7)/F7 -> -0.0077922078 | I8: =(F8-$F$2)/$F$2 -> 0.013262599
A9: =IFERROR(__xludf.DUMMYFUNCTION("""COMPUTED_VALUE"""),45302.6666666666) -> 45302.667 | C9: 9625 | D9: 9650 | E9: 9575 | F9: 9575 | G9: 39381500 | H9: =(F9-F8)/F8 -> 0.002617801 | I9: =(F9-$F$2)/$F$2 -> 0.015915119
A10: =IFERROR(__xludf.DUMMYFUNCTION("""COMPUTED_VALUE"""),45303.6666666666) -> 45303.667 | C10: 9650 | D10: 9700 | E10: 9600 | F10: 9700 | G10: 68253400 | H10: =(F10-F9)/F9 -> 0.01305483 | I10: =(F10-$F$2)/$F$2 -> 0.029177719
A11: =IFERROR(__xludf.DUMMYFUNCTION("""COMPUTED_VALUE"""),45306.6666666666) -> 45306.667 | C11: 9750 | D11: 9750 | E11: 9650 | F11: 9725 | G11: 88399500 | H11: =(F11-F10)/F10 -> 0.0025773196 | I11: =(F11-$F$2)/$F$2 -> 0.031830239
A12: =IFERROR(__xludf.DUMMYFUNCTION("""COMPUTED_VALUE"""),45307.6666666666) -> 45307.667 | C12: 9700 | D12: 9750 | E12: 9675 | F12: 9700 | G12: 44869200 | H12: =(F12-F11)/F11 -> -0.0025706941 | I12: =(F12-$F$2)/$F$2 -> 0.029177719
A13: =IFERROR(__xludf.DUMMYFUNCTION("""COMPUTED_VALUE"""),45308.6666666666) -> 45308.667 | C13: 9750 | D13: 9750 | E13: 9650 | F13: 9750 | G13: 107706100 | H13: =(F13-F12)/F12 -> 0.0051546392 | I13: =(F13-$F$2)/$F$2 -> 0.034482759
A14: =IFERROR(__xludf.DUMMYFUNCTION("""COMPUTED_VALUE"""),45309.6666666666) -> 45309.667 | C14: 9675 | D14: 9750 | E14: 9625 | F14: 9675 | G14: 71048900 | H14: =(F14-F13)/F13 -> -0.0076923077 | I14: =(F14-$F$2)/$F$2 -> 0.026525199
A15: =IFERROR(__xludf.DUMMYFUNCTION("""COMPUTED_VALUE"""),45310.6666666666) -> 45310.667 | C15: 9775 | D15: 9775 | E15: 9600 | F15: 9625 | G15: 63176500 | H15: =(F15-F14)/F14 -> -0.0051679587 | I15: =(F15-$F$2)/$F$2 -> 0.021220159
A16: =IFERROR(__xludf.DUMMYFUNCTION("""COMPUTED_VALUE"""),45313.6666666666) -> 45313.667 | C16: 9600 | D16: 9650 | E16: 9525 | F16: 9625 | G16: 52868300 | H16: =(F16-F15)/F15 -> 0 | I16: =(F16-$F$2)/$F$2 -> 0.021220159
A17: =IFERROR(__xludf.DUMMYFUNCTION("""COMPUTED_VALUE"""),45314.6666666666) -> 45314.667 | C17: 9450 | D17: 9600 | E17: 9450 | F17: 9600 | G17: 92348600 | H17: =(F17-F16)/F16 -> -0.0025974026 | I17: =(F17-$F$2)/$F$2 -> 0.018567639
A18: =IFERROR(__xludf.DUMMYFUNCTION("""COMPUTED_VALUE"""),45315.6666666666) -> 45315.667 | C18: 9600 | D18: 9600 | E18: 9475 | F18: 9525 | G18: 84906000 | H18: =(F18-F17)/F17 -> -0.0078125 | I18: =(F18-$F$2)/$F$2 -> 0.01061008
A19: =IFERROR(__xludf.DUMMYFUNCTION("""COMPUTED_VALUE"""),45316.6666666666) -> 45316.667 | C19: 9450 | D19: 9575 | E19: 9450 | F19: 9500 | G19: 63212700 | H19: =(F19-F18)/F18 -> -0.0026246719 | I19: =(F19-$F$2)/$F$2 -> 0.0079575597
A20: =IFERROR(__xludf.DUMMYFUNCTION("""COMPUTED_VALUE"""),45317.6666666666) -> 45317.667 | C20: 9400 | D20: 9450 | E20: 9300 | F20: 9350 | G20: 78977300 | H20: =(F20-F19)/F19 -> -0.015789474 | I20: =(F20-$F$2)/$F$2 -> -0.0079575597
A21: =IFERROR(__xludf.DUMMYFUNCTION("""COMPUTED_VALUE"""),45320.6666666666) -> 45320.667 | C21: 9400 | D21: 9550 | E21: 9375 | F21: 9550 | G21: 73452800 | H21: =(F21-F20)/F20 -> 0.021390374 | I21: =(F21-$F$2)/$F$2 -> 0.013262599 | J21: =AVERAGE(F2:F21) -> 9573.75
A22: =IFERROR(__xludf.DUMMYFUNCTION("""COMPUTED_VALUE"""),45321.6666666666) -> 45321.667 | C22: 9500 | D22: 9650 | E22: 9475 | F22: 9650 | G22: 73136400 | H22: =(F22-F21)/F21 -> 0.010471204 | I22: =(F22-$F$2)/$F$2 -> 0.023872679 | J22: =AVERAGE(F3:F22) -> 9585
A23: =IFERROR(__xludf.DUMMYFUNCTION("""COMPUTED_VALUE"""),45322.6666666666) -> 45322.667 | C23: 9700 | D23: 9700 | E23: 9550 | F23: 9550 | G23: 102581200 | H23: =(F23-F22)/F22 -> -0.010362694 | I23: =(F23-$F$2)/$F$2 -> 0.013262599 | J23: =AVERAGE(F4:F23) -> 9595
A24: =IFERROR(__xludf.DUMMYFUNCTION("""COMPUTED_VALUE"""),45323.6666666666) -> 45323.667 | C24: 9650 | D24: 9725 | E24: 9575 | F24: 9700 | G24: 104208700 | H24: =(F24-F23)/F23 -> 0.015706806 | I24: =(F24-$F$2)/$F$2 -> 0.029177719 | J24: =AVERAGE(F5:F24) -> 9606.25
A25: =IFERROR(__xludf.DUMMYFUNCTION("""COMPUTED_VALUE"""),45324.6666666666) -> 45324.667 | C25: 9775 | D25: 9800 | E25: 9625 | F25: 9700 | G25: 99324000 | H25: =(F25-F24)/F24 -> 0 | I25: =(F25-$F$2)/$F$2 -> 0.029177719 | J25: =AVERAGE(F6:F25) -> 9612.5
A26: =IFERROR(__xludf.DUMMYFUNCTION("""COMPUTED_VALUE"""),45327.6666666666) -> 45327.667 | C26: 9675 | D26: 9675 | E26: 9525 | F26: 9575 | G26: 57983300 | H26: =(F26-F25)/F25 -> -0.012886598 | I26: =(F26-$F$2)/$F$2 -> 0.015915119 | J26: =AVERAGE(F7:F26) -> 9612.5
A27: =IFERROR(__xludf.DUMMYFUNCTION("""COMPUTED_VALUE"""),45328.6666666666) -> 45328.667 | C27: 9750 | D27: 9750 | E27: 9625 | F27: 9625 | G27: 87651000 | H27: =(F27-F26)/F26 -> 0.0052219321 | I27: =(F27-$F$2)/$F$2 -> 0.021220159 | J27: =AVERAGE(F8:F27) -> 9612.5
A28: =IFERROR(__xludf.DUMMYFUNCTION("""COMPUTED_VALUE"""),45329.6666666666) -> 45329.667 | C28: 9700 | D28: 9725 | E28: 9650 | F28: 9700 | G28: 92953500 | H28: =(F28-F27)/F27 -> 0.0077922078 | I28: =(F28-$F$2)/$F$2 -> 0.029177719 | J28: =AVERAGE(F9:F28) -> 9620
A29: =IFERROR(__xludf.DUMMYFUNCTION("""COMPUTED_VALUE"""),45334.6666666666) -> 45334.667 | C29: 9750 | D29: 9800 | E29: 9700 | F29: 9800 | G29: 87949400 | H29: =(F29-F28)/F28 -> 0.010309278 | I29: =(F29-$F$2)/$F$2 -> 0.039787798 | J29: =AVERAGE(F10:F29) -> 9631.25
A30: =IFERROR(__xludf.DUMMYFUNCTION("""COMPUTED_VALUE"""),45335.6666666666) -> 45335.667 | C30: 9750 | D30: 9800 | E30: 9700 | F30: 9725 | G30: 66072400 | H30: =(F30-F29)/F29 -> -0.0076530612 | I30: =(F30-$F$2)/$F$2 -> 0.031830239 | J30: =AVERAGE(F11:F30) -> 9632.5
A31: =IFERROR(__xludf.DUMMYFUNCTION("""COMPUTED_VALUE"""),45337.6666666666) -> 45337.667 | C31: 9950 | D31: 9975 | E31: 9850 | F31: 9850 | G31: 164748900 | H31: =(F31-F30)/F30 -> 0.01285347 | I31: =(F31-$F$2)/$F$2 -> 0.045092838 | J31: =AVERAGE(F12:F31) -> 9638.75
A32: =IFERROR(__xludf.DUMMYFUNCTION("""COMPUTED_VALUE"""),45338.6666666666) -> 45338.667 | C32: 9975 | D32: 10000 | E32: 9875 | F32: 9950 | G32: 142277200 | H32: =(F32-F31)/F31 -> 0.010152284 | I32: =(F32-$F$2)/$F$2 -> 0.055702918 | J32: =AVERAGE(F13:F32) -> 9651.25
A33: =IFERROR(__xludf.DUMMYFUNCTION("""COMPUTED_VALUE"""),45341.6666666666) -> 45341.667 | C33: 9900 | D33: 9975 | E33: 9825 | F33: 9875 | G33: 53341300 | H33: =(F33-F32)/F32 -> -0.0075376884 | I33: =(F33-$F$2)/$F$2 -> 0.047745358 | J33: =AVERAGE(F14:F33) -> 9657.5
A34: =IFERROR(__xludf.DUMMYFUNCTION("""COMPUTED_VALUE"""),45342.6666666666) -> 45342.667 | C34: 9850 | D34: 10025 | E34: 9850 | F34: 10025 | G34: 63997700 | H34: =(F34-F33)/F33 -> 0.015189873 | I34: =(F34-$F$2)/$F$2 -> 0.063660477 | J34: =AVERAGE(F15:F34) -> 9675
A35: =IFERROR(__xludf.DUMMYFUNCTION("""COMPUTED_VALUE"""),45343.6666666666) -> 45343.667 | C35: 9950 | D35: 10000 | E35: 9850 | F35: 9975 | G35: 75371600 | H35: =(F35-F34)/F34 -> -0.0049875312 | I35: =(F35-$F$2)/$F$2 -> 0.058355438 | J35: =AVERAGE(F16:F35) -> 9692.5
A36: =IFERROR(__xludf.DUMMYFUNCTION("""COMPUTED_VALUE"""),45344.6666666666) -> 45344.667 | C36: 9975 | D36: 9975 | E36: 9875 | F36: 9875 | G36: 66913000 | H36: =(F36-F35)/F35 -> -0.010025063 | I36: =(F36-$F$2)/$F$2 -> 0.047745358 | J36: =AVERAGE(F17:F36) -> 9705
A37: =IFERROR(__xludf.DUMMYFUNCTION("""COMPUTED_VALUE"""),45345.6666666666) -> 45345.667 | C37: 9900 | D37: 9925 | E37: 9800 | F37: 9825 | G37: 55192300 | H37: =(F37-F36)/F36 -> -0.0050632911 | I37: =(F37-$F$2)/$F$2 -> 0.042440318 | J37: =AVERAGE(F18:F37) -> 9716.25
A38: =IFERROR(__xludf.DUMMYFUNCTION("""COMPUTED_VALUE"""),45348.6666666666) -> 45348.667 | C38: 9750 | D38: 9875 | E38: 9725 | F38: 9800 | G38: 41356000 | H38: =(F38-F37)/F37 -> -0.0025445293 | I38: =(F38-$F$2)/$F$2 -> 0.039787798 | J38: =AVERAGE(F19:F38) -> 9730
A39: =IFERROR(__xludf.DUMMYFUNCTION("""COMPUTED_VALUE"""),45349.6666666666) -> 45349.667 | C39: 9750 | D39: 9900 | E39: 9750 | F39: 9875 | G39: 43735800 | H39: =(F39-F38)/F38 -> 0.0076530612 | I39: =(F39-$F$2)/$F$2 -> 0.047745358 | J39: =AVERAGE(F20:F39) -> 9748.75
A40: =IFERROR(__xludf.DUMMYFUNCTION("""COMPUTED_VALUE"""),45350.6666666666) -> 45350.667 | C40: 9975 | D40: 10000 | E40: 9900 | F40: 10000 | G40: 54043100 | H40: =(F40-F39)/F39 -> 0.012658228 | I40: =(F40-$F$2)/$F$2 -> 0.061007958 | J40: =AVERAGE(F21:F40) -> 9781.25
A41: =IFERROR(__xludf.DUMMYFUNCTION("""COMPUTED_VALUE"""),45351.6666666666) -> 45351.667 | C41: 10000 | D41: 10000 | E41: 9850 | F41: 9875 | G41: 126671200 | H41: =(F41-F40)/F40 -> -0.0125 | I41: =(F41-$F$2)/$F$2 -> 0.047745358 | J41: =AVERAGE(F22:F41) -> 9797.5
A42: =IFERROR(__xludf.DUMMYFUNCTION("""COMPUTED_VALUE"""),45352.6666666666) -> 45352.667 | C42: 9900 | D42: 9925 | E42: 9800 | F42: 9825 | G42: 51520600 | H42: =(F42-F41)/F41 -> -0.0050632911 | I42: =(F42-$F$2)/$F$2 -> 0.042440318 | J42: =AVERAGE(F23:F42) -> 9806.25
A43: =IFERROR(__xludf.DUMMYFUNCTION("""COMPUTED_VALUE"""),45355.6666666666) -> 45355.667 | C43: 9800 | D43: 9825 | E43: 9750 | F43: 9750 | G43: 43822900 | H43: =(F43-F42)/F42 -> -0.0076335878 | I43: =(F43-$F$2)/$F$2 -> 0.034482759 | J43: =AVERAGE(F24:F43) -> 9816.25
A44: =IFERROR(__xludf.DUMMYFUNCTION("""COMPUTED_VALUE"""),45356.6666666666) -> 45356.667 | C44: 9900 | D44: 9900 | E44: 9775 | F44: 9800 | G44: 61952900 | H44: =(F44-F43)/F43 -> 0.0051282051 | I44: =(F44-$F$2)/$F$2 -> 0.039787798 | J44: =AVERAGE(F25:F44) -> 9821.25
A45: =IFERROR(__xludf.DUMMYFUNCTION("""COMPUTED_VALUE"""),45357.6666666666) -> 45357.667 | C45: 9900 | D45: 10000 | E45: 9775 | F45: 9950 | G45: 70242200 | H45: =(F45-F44)/F44 -> 0.015306122 | I45: =(F45-$F$2)/$F$2 -> 0.055702918 | J45: =AVERAGE(F26:F45) -> 9833.75
A46: =IFERROR(__xludf.DUMMYFUNCTION("""COMPUTED_VALUE"""),45358.6666666666) -> 45358.667 | C46: 10050 | D46: 10175 | E46: 10000 | F46: 10125 | G46: 118369300 | H46: =(F46-F45)/F45 -> 0.01758794 | I46: =(F46-$F$2)/$F$2 -> 0.074270557 | J46: =AVERAGE(F27:F46) -> 9861.25
A47: =IFERROR(__xludf.DUMMYFUNCTION("""COMPUTED_VALUE"""),45359.6666666666) -> 45359.667 | C47: 10250 | D47: 10300 | E47: 10125 | F47: 10150 | G47: 100947200 | H47: =(F47-F46)/F46 -> 0.0024691358 | I47: =(F47-$F$2)/$F$2 -> 0.076923077 | J47: =AVERAGE(F28:F47) -> 9887.5
A48: =IFERROR(__xludf.DUMMYFUNCTION("""COMPUTED_VALUE"""),45364.6666666666) -> 45364.667 | C48: 10400 | D48: 10400 | E48: 10000 | F48: 10000 | G48: 141622600 | H48: =(F48-F47)/F47 -> -0.014778325 | I48: =(F48-$F$2)/$F$2 -> 0.061007958 | J48: =AVERAGE(F29:F48) -> 9902.5
A49: =IFERROR(__xludf.DUMMYFUNCTION("""COMPUTED_VALUE"""),45365.6666666666) -> 45365.667 | C49: 10050 | D49: 10325 | E49: 10025 | F49: 10325 | G49: 110681100 | H49: =(F49-F48)/F48 -> 0.0325 | I49: =(F49-$F$2)/$F$2 -> 0.095490716 | J49: =AVERAGE(F30:F49) -> 9928.75
A50: =IFERROR(__xludf.DUMMYFUNCTION("""COMPUTED_VALUE"""),45366.6666666666) -> 45366.667 | C50: 10200 | D50: 10300 | E50: 10050 | F50: 10150 | G50: 154176800 | H50: =(F50-F49)/F49 -> -0.016949153 | I50: =(F50-$F$2)/$F$2 -> 0.076923077 | J50: =AVERAGE(F31:F50) -> 9950
A51: =IFERROR(__xludf.DUMMYFUNCTION("""COMPUTED_VALUE"""),45369.6666666666) -> 45369.667 | C51: 10175 | D51: 10275 | E51: 10150 | F51: 10150 | G51: 62444100 | H51: =(F51-F50)/F50 -> 0 | I51: =(F51-$F$2)/$F$2 -> 0.076923077 | J51: =AVERAGE(F32:F51) -> 9965 | K51: =AVERAGE(F2:F51) -> 9753
A52: =IFERROR(__xludf.DUMMYFUNCTION("""COMPUTED_VALUE"""),45370.6666666666) -> 45370.667 | C52: 10150 | D52: 10250 | E52: 10150 | F52: 10175 | G52: 55004800 | H52: =(F52-F51)/F51 -> 0.0024630542 | I52: =(F52-$F$2)/$F$2 -> 0.079575597 | J52: =AVERAGE(F33:F52) -> 9976.25 | K52: =AVERAGE(F3:F52) -> 9768
A53: =IFERROR(__xludf.DUMMYFUNCTION("""COMPUTED_VALUE"""),45371.6666666666) -> 45371.667 | C53: 10100 | D53: 10150 | E53: 10075 | F53: 10125 | G53: 66269700 | H53: =(F53-F52)/F52 -> -0.0049140049 | I53: =(F53-$F$2)/$F$2 -> 0.074270557 | J53: =AVERAGE(F34:F53) -> 9988.75 | K53: =AVERAGE(F4:F53) -> 9783.5
A54: =IFERROR(__xludf.DUMMYFUNCTION("""COMPUTED_VALUE"""),45372.6666666666) -> 45372.667 | C54: 10175 | D54: 10225 | E54: 10050 | F54: 10125 | G54: 90279400 | H54: =(F54-F53)/F53 -> 0 | I54: =(F54-$F$2)/$F$2 -> 0.074270557 | J54: =AVERAGE(F35:F54) -> 9993.75 | K54: =AVERAGE(F5:F54) -> 9796.5
A55: =IFERROR(__xludf.DUMMYFUNCTION("""COMPUTED_VALUE"""),45373.6666666666) -> 45373.667 | C55: 10000 | D55: 10125 | E55: 9950 | F55: 10100 | G55: 91968200 | H55: =(F55-F54)/F54 -> -0.0024691358 | I55: =(F55-$F$2)/$F$2 -> 0.071618037 | J55: =AVERAGE(F36:F55) -> 10000 | K55: =AVERAGE(F6:F55) -> 9807
A56: =IFERROR(__xludf.DUMMYFUNCTION("""COMPUTED_VALUE"""),45376.6666666666) -> 45376.667 | C56: 10075 | D56: 10075 | E56: 9925 | F56: 10075 | G56: 66971000 | H56: =(F56-F55)/F55 -> -0.0024752475 | I56: =(F56-$F$2)/$F$2 -> 0.068965517 | J56: =AVERAGE(F37:F56) -> 10010 | K56: =AVERAGE(F7:F56) -> 9817
A57: =IFERROR(__xludf.DUMMYFUNCTION("""COMPUTED_VALUE"""),45377.6666666666) -> 45377.667 | C57: 10050 | D57: 10050 | E57: 9950 | F57: 10050 | G57: 65742700 | H57: =(F57-F56)/F56 -> -0.0024813896 | I57: =(F57-$F$2)/$F$2 -> 0.066312997 | J57: =AVERAGE(F38:F57) -> 10021.25 | K57: =AVERAGE(F8:F57) -> 9825.5
A58: =IFERROR(__xludf.DUMMYFUNCTION("""COMPUTED_VALUE"""),45378.6666666666) -> 45378.667 | C58: 10025 | D58: 10075 | E58: 10000 | F58: 10075 | G58: 39514100 | H58: =(F58-F57)/F57 -> 0.0024875622 | I58: =(F58-$F$2)/$F$2 -> 0.068965517 | J58: =AVERAGE(F39:F58) -> 10035 | K58: =AVERAGE(F9:F58) -> 9836
A59: =IFERROR(__xludf.DUMMYFUNCTION("""COMPUTED_VALUE"""),45379.6666666666) -> 45379.667 | C59: 10025 | D59: 10100 | E59: 9975 | F59: 10075 | G59: 79229700 | H59: =(F59-F58)/F58 -> 0 | I59: =(F59-$F$2)/$F$2 -> 0.068965517 | J59: =AVERAGE(F40:F59) -> 10045 | K59: =AVERAGE(F10:F59) -> 9846
A60: =IFERROR(__xludf.DUMMYFUNCTION("""COMPUTED_VALUE"""),45383.6666666666) -> 45383.667 | C60: 10075 | D60: 10100 | E60: 9825 | F60: 9850 | G60: 79248700 | H60: =(F60-F59)/F59 -> -0.022332506 | I60: =(F60-$F$2)/$F$2 -> 0.045092838 | J60: =AVERAGE(F41:F60) -> 10037.5 | K60: =AVERAGE(F11:F60) -> 9849
A61: =IFERROR(__xludf.DUMMYFUNCTION("""COMPUTED_VALUE"""),45384.6666666666) -> 45384.667 | C61: 9925 | D61: 9950 | E61: 9800 | F61: 9900 | G61: 76763100 | H61: =(F61-F60)/F60 -> 0.0050761421 | I61: =(F61-$F$2)/$F$2 -> 0.050397878 | J61: =AVERAGE(F42:F61) -> 10038.75 | K61: =AVERAGE(F12:F61) -> 9852.5
A62: =IFERROR(__xludf.DUMMYFUNCTION("""COMPUTED_VALUE"""),45385.6666666666) -> 45385.667 | C62: 9750 | D62: 9800 | E62: 9525 | F62: 9525 | G62: 177418400 | H62: =(F62-F61)/F61 -> -0.037878788 | I62: =(F62-$F$2)/$F$2 -> 0.01061008 | J62: =AVERAGE(F43:F62) -> 10023.75 | K62: =AVERAGE(F13:F62) -> 9849
A63: =IFERROR(__xludf.DUMMYFUNCTION("""COMPUTED_VALUE"""),45386.6666666666) -> 45386.667 | C63: 9575 | D63: 9850 | E63: 9575 | F63: 9850 | G63: 75993500 | H63: =(F63-F62)/F62 -> 0.034120735 | I63: =(F63-$F$2)/$F$2 -> 0.045092838 | J63: =AVERAGE(F44:F63) -> 10028.75 | K63: =AVERAGE(F14:F63) -> 9851
A64: =IFERROR(__xludf.DUMMYFUNCTION("""COMPUTED_VALUE"""),45387.6666666666) -> 45387.667 | C64: 9950 | D64: 9950 | E64: 9825 | F64: 9825 | G64: 70428600 | H64: =(F64-F63)/F63 -> -0.0025380711 | I64: =(F64-$F$2)/$F$2 -> 0.042440318 | J64: =AVERAGE(F45:F64) -> 10030 | K64: =AVERAGE(F15:F64) -> 9854
A65: =IFERROR(__xludf.DUMMYFUNCTION("""COMPUTED_VALUE"""),45398.6666666666) -> 45398.667 | C65: 9350 | D65: 9575 | E65: 9250 | F65: 9475 | G65: 283265900 | H65: =(F65-F64)/F64 -> -0.03562341 | I65: =(F65-$F$2)/$F$2 -> 0.0053050398 | J65: =AVERAGE(F46:F65) -> 10006.25 | K65: =AVERAGE(F16:F65) -> 9851
A66: =IFERROR(__xludf.DUMMYFUNCTION("""COMPUTED_VALUE"""),45399.6666666666) -> 45399.667 | C66: 9550 | D66: 9675 | E66: 9525 | F66: 9525 | G66: 95620700 | H66: =(F66-F65)/F65 -> 0.0052770449 | I66: =(F66-$F$2)/$F$2 -> 0.01061008 | J66: =AVERAGE(F47:F66) -> 9976.25 | K66: =AVERAGE(F17:F66) -> 9849
A67: =IFERROR(__xludf.DUMMYFUNCTION("""COMPUTED_VALUE"""),45400.6666666666) -> 45400.667 | C67: 9525 | D67: 9575 | E67: 9450 | F67: 9475 | G67: 127134000 | H67: =(F67-F66)/F66 -> -0.0052493438 | I67: =(F67-$F$2)/$F$2 -> 0.0053050398 | J67: =AVERAGE(F48:F67) -> 9942.5 | K67: =AVERAGE(F18:F67) -> 9846.5
A68: =IFERROR(__xludf.DUMMYFUNCTION("""COMPUTED_VALUE"""),45401.6666666666) -> 45401.667 | C68: 9350 | D68: 9500 | E68: 9300 | F68: 9475 | G68: 147784300 | H68: =(F68-F67)/F67 -> 0 | I68: =(F68-$F$2)/$F$2 -> 0.0053050398 | J68: =AVERAGE(F49:F68) -> 9916.25 | K68: =AVERAGE(F19:F68) -> 9845.5
A69: =IFERROR(__xludf.DUMMYFUNCTION("""COMPUTED_VALUE"""),45404.6666666666) -> 45404.667 | C69: 9400 | D69: 9425 | E69: 9350 | F69: 9350 | G69: 128908000 | H69: =(F69-F68)/F68 -> -0.013192612 | I69: =(F69-$F$2)/$F$2 -> -0.0079575597 | J69: =AVERAGE(F50:F69) -> 9867.5 | K69: =AVERAGE(F20:F69) -> 9842.5
A70: =IFERROR(__xludf.DUMMYFUNCTION("""COMPUTED_VALUE"""),45405.6666666666) -> 45405.667 | C70: 9400 | D70: 9775 | E70: 9400 | F70: 9725 | G70: 178833000 | H70: =(F70-F69)/F69 -> 0.040106952 | I70: =(F70-$F$2)/$F$2 -> 0.031830239 | J70: =AVERAGE(F51:F70) -> 9846.25 | K70: =AVERAGE(F21:F70) -> 9850
A71: =IFERROR(__xludf.DUMMYFUNCTION("""COMPUTED_VALUE"""),45406.6666666666) -> 45406.667 | C71: 9825 | D71: 9950 | E71: 9750 | F71: 9950 | G71: 132832700 | H71: =(F71-F70)/F70 -> 0.023136247 | I71: =(F71-$F$2)/$F$2 -> 0.055702918 | J71: =AVERAGE(F52:F71) -> 9836.25 | K71: =AVERAGE(F22:F71) -> 9858
A72: =IFERROR(__xludf.DUMMYFUNCTION("""COMPUTED_VALUE"""),45407.6666666666) -> 45407.667 | C72: 10000 | D72: 10000 | E72: 9700 | F72: 9775 | G72: 104874100 | H72: =(F72-F71)/F71 -> -0.01758794 | I72: =(F72-$F$2)/$F$2 -> 0.037135279 | J72: =AVERAGE(F53:F72) -> 9816.25 | K72: =AVERAGE(F23:F72) -> 9860.5
A73: =IFERROR(__xludf.DUMMYFUNCTION("""COMPUTED_VALUE"""),45408.6666666666) -> 45408.667 | C73: 9700 | D73: 9825 | E73: 9625 | F73: 9625 | G73: 100932900 | H73: =(F73-F72)/F72 -> -0.015345269 | I73: =(F73-$F$2)/$F$2 -> 0.021220159 | J73: =AVERAGE(F54:F73) -> 9791.25 | K73: =AVERAGE(F24:F73) -> 9862
A74: =IFERROR(__xludf.DUMMYFUNCTION("""COMPUTED_VALUE"""),45411.6666666666) -> 45411.667 | C74: 9525 | D74: 9850 | E74: 9525 | F74: 9800 | G74: 90063500 | H74: =(F74-F73)/F73 -> 0.018181818 | I74: =(F74-$F$2)/$F$2 -> 0.039787798 | J74: =AVERAGE(F55:F74) -> 9775 | K74: =AVERAGE(F25:F74) -> 9864
A75: =IFERROR(__xludf.DUMMYFUNCTION("""COMPUTED_VALUE"""),45412.6666666666) -> 45412.667 | C75: 10050 | D75: 10050 | E75: 9800 | F75: 9800 | G75: 109623000 | H75: =(F75-F74)/F74 -> 0 | I75: =(F75-$F$2)/$F$2 -> 0.039787798 | J75: =AVERAGE(F56:F75) -> 9760 | K75: =AVERAGE(F26:F75) -> 9866
A76: =IFERROR(__xludf.DUMMYFUNCTION("""COMPUTED_VALUE"""),45414.6666666666) -> 45414.667 | C76: 9900 | D76: 9900 | E76: 9500 | F76: 9550 | G76: 97079400 | H76: =(F76-F75)/F75 -> -0.025510204 | I76: =(F76-$F$2)/$F$2 -> 0.013262599 | J76: =AVERAGE(F57:F76) -> 9733.75 | K76: =AVERAGE(F27:F76) -> 9865.5
A77: =IFERROR(__xludf.DUMMYFUNCTION("""COMPUTED_VALUE"""),45415.6666666666) -> 45415.667 | C77: 9750 | D77: 9850 | E77: 9675 | F77: 9850 | G77: 81200400 | H77: =(F77-F76)/F76 -> 0.031413613 | I77: =(F77-$F$2)/$F$2 -> 0.045092838 | J77: =AVERAGE(F58:F77) -> 9723.75 | K77: =AVERAGE(F28:F77) -> 9870
A78: =IFERROR(__xludf.DUMMYFUNCTION("""COMPUTED_VALUE"""),45418.6666666666) -> 45418.667 | C78: 9850 | D78: 9875 | E78: 9775 | F78: 9800 | G78: 53076200 | H78: =(F78-F77)/F77 -> -0.0050761421 | I78: =(F78-$F$2)/$F$2 -> 0.039787798 | J78: =AVERAGE(F59:F78) -> 9710 | K78: =AVERAGE(F29:F78) -> 9872
A79: =IFERROR(__xludf.DUMMYFUNCTION("""COMPUTED_VALUE"""),45419.6666666666) -> 45419.667 | C79: 9700 | D79: 9750 | E79: 9625 | F79: 9700 | G79: 66746800 | H79: =(F79-F78)/F78 -> -0.010204082 | I79: =(F79-$F$2)/$F$2 -> 0.029177719 | J79: =AVERAGE(F60:F79) -> 9691.25 | K79: =AVERAGE(F30:F79) -> 9870
A80: =IFERROR(__xludf.DUMMYFUNCTION("""COMPUTED_VALUE"""),45420.6666666666) -> 45420.667 | C80: 9600 | D80: 9700 | E80: 9375 | F80: 9375 | G80: 112808900 | H80: =(F80-F79)/F79 -> -0.033505155 | I80: =(F80-$F$2)/$F$2 -> -0.0053050398 | J80: =AVERAGE(F61:F80) -> 9667.5 | K80: =AVERAGE(F31:F80) -> 9863
A81: =IFERROR(__xludf.DUMMYFUNCTION("""COMPUTED_VALUE"""),45425.6666666666) -> 45425.667 | C81: 9200 | D81: 9525 | E81: 9200 | F81: 9525 | G81: 145469900 | H81: =(F81-F80)/F80 -> 0.016 | I81: =(F81-$F$2)/$F$2 -> 0.01061008 | J81: =AVERAGE(F62:F81) -> 9648.75 | K81: =AVERAGE(F32:F81) -> 9856.5
A82: =IFERROR(__xludf.DUMMYFUNCTION("""COMPUTED_VALUE"""),45426.6666666666) -> 45426.667 | C82: 9625 | D82: 9675 | E82: 9525 | F82: 9550 | G82: 95363500 | H82: =(F82-F81)/F81 -> 0.0026246719 | I82: =(F82-$F$2)/$F$2 -> 0.013262599 | J82: =AVERAGE(F63:F82) -> 9650 | K82: =AVERAGE(F33:F82) -> 9848.5
A83: =IFERROR(__xludf.DUMMYFUNCTION("""COMPUTED_VALUE"""),45427.6666666666) -> 45427.667 | C83: 9500 | D83: 9600 | E83: 9425 | F83: 9500 | G83: 54741900 | H83: =(F83-F82)/F82 -> -0.0052356021 | I83: =(F83-$F$2)/$F$2 -> 0.0079575597 | J83: =AVERAGE(F64:F83) -> 9632.5 | K83: =AVERAGE(F34:F83) -> 9841
A84: =IFERROR(__xludf.DUMMYFUNCTION("""COMPUTED_VALUE"""),45428.6666666666) -> 45428.667 | C84: 9575 | D84: 9675 | E84: 9525 | F84: 9600 | G84: 61126000 | H84: =(F84-F83)/F83 -> 0.010526316 | I84: =(F84-$F$2)/$F$2 -> 0.018567639 | J84: =AVERAGE(F65:F84) -> 9621.25 | K84: =AVERAGE(F35:F84) -> 9832.5
A85: =IFERROR(__xludf.DUMMYFUNCTION("""COMPUTED_VALUE"""),45429.6666666666) -> 45429.667 | C85: 9600 | D85: 9850 | E85: 9575 | F85: 9750 | G85: 99848500 | H85: =(F85-F84)/F84 -> 0.015625 | I85: =(F85-$F$2)/$F$2 -> 0.034482759 | J85: =AVERAGE(F66:F85) -> 9635 | K85: =AVERAGE(F36:F85) -> 9828
A86: =IFERROR(__xludf.DUMMYFUNCTION("""COMPUTED_VALUE"""),45432.6666666666) -> 45432.667 | C86: 9700 | D86: 9800 | E86: 9475 | F86: 9475 | G86: 87890100 | H86: =(F86-F85)/F85 -> -0.028205128 | I86: =(F86-$F$2)/$F$2 -> 0.0053050398 | J86: =AVERAGE(F67:F86) -> 9632.5 | K86: =AVERAGE(F37:F86) -> 9820
A87: =IFERROR(__xludf.DUMMYFUNCTION("""COMPUTED_VALUE"""),45433.6666666666) -> 45433.667 | C87: 9450 | D87: 9575 | E87: 9375 | F87: 9375 | G87: 75311400 | H87: =(F87-F86)/F86 -> -0.01055409 | I87: =(F87-$F$2)/$F$2 -> -0.0053050398 | J87: =AVERAGE(F68:F87) -> 9627.5 | K87: =AVERAGE(F38:F87) -> 9811
A88: =IFERROR(__xludf.DUMMYFUNCTION("""COMPUTED_VALUE"""),45434.6666666666) -> 45434.667 | C88: 9475 | D88: 9575 | E88: 9325 | F88: 9425 | G88: 121712700 | H88: =(F88-F87)/F87 -> 0.0053333333 | I88: =(F88-$F$2)/$F$2 -> 0 | J88: =AVERAGE(F69:F88) -> 9625 | K88: =AVERAGE(F39:F88) -> 9803.5
A89: =IFERROR(__xludf.DUMMYFUNCTION("""COMPUTED_VALUE"""),45439.6666666666) -> 45439.667 | C89: 9300 | D89: 9375 | E89: 9275 | F89: 9300 | G89: 128578500 | H89: =(F89-F88)/F88 -> -0.013262599 | I89: =(F89-$F$2)/$F$2 -> -0.013262599 | J89: =AVERAGE(F70:F89) -> 9622.5 | K89: =AVERAGE(F40:F89) -> 9792
A90: =IFERROR(__xludf.DUMMYFUNCTION("""COMPUTED_VALUE"""),45440.6666666666) -> 45440.667 | C90: 9300 | D90: 9400 | E90: 9300 | F90: 9300 | G90: 73945700 | H90: =(F90-F89)/F89 -> 0 | I90: =(F90-$F$2)/$F$2 -> -0.013262599 | J90: =AVERAGE(F71:F90) -> 9601.25 | K90: =AVERAGE(F41:F90) -> 9778
A91: =IFERROR(__xludf.DUMMYFUNCTION("""COMPUTED_VALUE"""),45441.6666666666) -> 45441.667 | C91: 9275 | D91: 9325 | E91: 9150 | F91: 9150 | G91: 117351600 | H91: =(F91-F90)/F90 -> -0.016129032 | I91: =(F91-$F$2)/$F$2 -> -0.029177719 | J91: =AVERAGE(F72:F91) -> 9561.25 | K91: =AVERAGE(F42:F91) -> 9763.5
A92: =IFERROR(__xludf.DUMMYFUNCTION("""COMPUTED_VALUE"""),45442.6666666666) -> 45442.667 | C92: 9000 | D92: 9250 | E92: 8775 | F92: 9000 | G92: 207115100 | H92: =(F92-F91)/F91 -> -0.016393443 | I92: =(F92-$F$2)/$F$2 -> -0.045092838 | J92: =AVERAGE(F73:F92) -> 9522.5 | K92: =AVERAGE(F43:F92) -> 9747
A93: =IFERROR(__xludf.DUMMYFUNCTION("""COMPUTED_VALUE"""),45443.6666666666) -> 45443.667 | C93: 9100 | D93: 9250 | E93: 9025 | F93: 9250 | G93: 756431600 | H93: =(F93-F92)/F92 -> 0.027777778 | I93: =(F93-$F$2)/$F$2 -> -0.018567639 | J93: =AVERAGE(F74:F93) -> 9503.75 | K93: =AVERAGE(F44:F93) -> 9737
A94: =IFERROR(__xludf.DUMMYFUNCTION("""COMPUTED_VALUE"""),45446.6666666666) -> 45446.667 | C94: 9350 | D94: 9350 | E94: 9225 | F94: 9275 | G94: 72197700 | H94: =(F94-F93)/F93 -> 0.0027027027 | I94: =(F94-$F$2)/$F$2 -> -0.015915119 | J94: =AVERAGE(F75:F94) -> 9477.5 | K94: =AVERAGE(F45:F94) -> 9726.5
A95: =IFERROR(__xludf.DUMMYFUNCTION("""COMPUTED_VALUE"""),45447.6666666666) -> 45447.667 | C95: 9525 | D95: 9525 | E95: 9350 | F95: 9350 | G95: 75353100 | H95: =(F95-F94)/F94 -> 0.0080862534 | I95: =(F95-$F$2)/$F$2 -> -0.0079575597 | J95: =AVERAGE(F76:F95) -> 9455 | K95: =AVERAGE(F46:F95) -> 9714.5
A96: =IFERROR(__xludf.DUMMYFUNCTION("""COMPUTED_VALUE"""),45448.6666666666) -> 45448.667 | C96: 9500 | D96: 9500 | E96: 9300 | F96: 9450 | G96: 82087300 | H96: =(F96-F95)/F95 -> 0.010695187 | I96: =(F96-$F$2)/$F$2 -> 0.0026525199 | J96: =AVERAGE(F77:F96) -> 9450 | K96: =AVERAGE(F47:F96) -> 9701
A97: =IFERROR(__xludf.DUMMYFUNCTION("""COMPUTED_VALUE"""),45449.6666666666) -> 45449.667 | C97: 9525 | D97: 9525 | E97: 9450 | F97: 9475 | G97: 44991300 | H97: =(F97-F96)/F96 -> 0.0026455026 | I97: =(F97-$F$2)/$F$2 -> 0.0053050398 | J97: =AVERAGE(F78:F97) -> 9431.25 | K97: =AVERAGE(F48:F97) -> 9687.5
A98: =IFERROR(__xludf.DUMMYFUNCTION("""COMPUTED_VALUE"""),45450.6666666666) -> 45450.667 | C98: 9500 | D98: 9500 | E98: 9325 | F98: 9325 | G98: 51599800 | H98: =(F98-F97)/F97 -> -0.015831135 | I98: =(F98-$F$2)/$F$2 -> -0.01061008 | J98: =AVERAGE(F79:F98) -> 9407.5 | K98: =AVERAGE(F49:F98) -> 9674
A99: =IFERROR(__xludf.DUMMYFUNCTION("""COMPUTED_VALUE"""),45453.6666666666) -> 45453.667 | C99: 9500 | D99: 9525 | E99: 9450 | F99: 9525 | G99: 45584700 | H99: =(F99-F98)/F98 -> 0.021447721 | I99: =(F99-$F$2)/$F$2 -> 0.01061008 | J99: =AVERAGE(F80:F99) -> 9398.75 | K99: =AVERAGE(F50:F99) -> 9658
A100: =IFERROR(__xludf.DUMMYFUNCTION("""COMPUTED_VALUE"""),45454.6666666666) -> 45454.667 | C100: 9550 | D100: 9550 | E100: 9300 | F100: 9300 | G100: 68690900 | H100: =(F100-F99)/F99 -> -0.023622047 | I100: =(F100-$F$2)/$F$2 -> -0.013262599 | J100: =AVERAGE(F81:F100) -> 9395 | K100: =AVERAGE(F51:F100) -> 9641
...

Sheet BMRI
A1: Date | C1: Open | D1: High | E1: Low | F1: Close | G1: Volume | H1: Change
A2: =IFERROR(__xludf.DUMMYFUNCTION("""COMPUTED_VALUE"""),45293.6666666666) -> 45293.667 | C2: 6050 | D2: 6125 | E2: 6025 | F2: 6125 | G2: 26235700 | H2: 0 | I2: 0
A3: =IFERROR(__xludf.DUMMYFUNCTION("""COMPUTED_VALUE"""),45294.6666666666) -> 45294.667 | C3: 6100 | D3: 6150 | E3: 6050 | F3: 6100 | G3: 30053900 | H3: =(F3-F2)/F2 -> -0.0040816327 | I3: =(F3-$F$2)/$F$2 -> -0.0040816327
A4: =IFERROR(__xludf.DUMMYFUNCTION("""COMPUTED_VALUE"""),45295.6666666666) -> 45295.667 | C4: 6125 | D4: 6400 | E4: 6100 | F4: 6350 | G4: 135344500 | H4: =(F4-F3)/F3 -> 0.040983607 | I4: =(F4-$F$2)/$F$2 -> 0.036734694
A5: =IFERROR(__xludf.DUMMYFUNCTION("""COMPUTED_VALUE"""),45296.6666666666) -> 45296.667 | C5: 6400 | D5: 6475 | E5: 6350 | F5: 6425 | G5: 114339400 | H5: =(F5-F4)/F4 -> 0.011811024 | I5: =(F5-$F$2)/$F$2 -> 0.048979592
A6: =IFERROR(__xludf.DUMMYFUNCTION("""COMPUTED_VALUE"""),45299.6666666666) -> 45299.667 | C6: 6500 | D6: 6600 | E6: 6375 | F6: 6400 | G6: 151018300 | H6: =(F6-F5)/F5 -> -0.0038910506 | I6: =(F6-$F$2)/$F$2 -> 0.044897959
A7: =IFERROR(__xludf.DUMMYFUNCTION("""COMPUTED_VALUE"""),45300.6666666666) -> 45300.667 | C7: 6425 | D7: 6450 | E7: 6350 | F7: 6375 | G7: 77953400 | H7: =(F7-F6)/F6 -> -0.00390625 | I7: =(F7-$F$2)/$F$2 -> 0.040816327
A8: =IFERROR(__xludf.DUMMYFUNCTION("""COMPUTED_VALUE"""),45301.6666666666) -> 45301.667 | C8: 6375 | D8: 6450 | E8: 6325 | F8: 6425 | G8: 50019800 | H8: =(F8-F7)/F7 -> 0.0078431373 | I8: =(F8-$F$2)/$F$2 -> 0.048979592
A9: =IFERROR(__xludf.DUMMYFUNCTION("""COMPUTED_VALUE"""),45302.6666666666) -> 45302.667 | C9: 6425 | D9: 6500 | E9: 6400 | F9: 6450 | G9: 32120200 | H9: =(F9-F8)/F8 -> 0.0038910506 | I9: =(F9-$F$2)/$F$2 -> 0.053061224
A10: =IFERROR(__xludf.DUMMYFUNCTION("""COMPUTED_VALUE"""),45303.6666666666) -> 45303.667 | C10: 6575 | D10: 6675 | E10: 6525 | F10: 6575 | G10: 114039700 | H10: =(F10-F9)/F9 -> 0.019379845 | I10: =(F10-$F$2)/$F$2 -> 0.073469388
A11: =IFERROR(__xludf.DUMMYFUNCTION("""COMPUTED_VALUE"""),45306.6666666666) -> 45306.667 | C11: 6575 | D11: 6625 | E11: 6475 | F11: 6500 | G11: 83066800 | H11: =(F11-F10)/F10 -> -0.011406844 | I11: =(F11-$F$2)/$F$2 -> 0.06122449
A12: =IFERROR(__xludf.DUMMYFUNCTION("""COMPUTED_VALUE"""),45307.6666666666) -> 45307.667 | C12: 6525 | D12: 6625 | E12: 6500 | F12: 6525 | G12: 83516800 | H12: =(F12-F11)/F11 -> 0.0038461538 | I12: =(F12-$F$2)/$F$2 -> 0.065306122
A13: =IFERROR(__xludf.DUMMYFUNCTION("""COMPUTED_VALUE"""),45308.6666666666) -> 45308.667 | C13: 6525 | D13: 6625 | E13: 6500 | F13: 6525 | G13: 80929000 | H13: =(F13-F12)/F12 -> 0 | I13: =(F13-$F$2)/$F$2 -> 0.065306122
A14: =IFERROR(__xludf.DUMMYFUNCTION("""COMPUTED_VALUE"""),45309.6666666666) -> 45309.667 | C14: 6525 | D14: 6550 | E14: 6475 | F14: 6525 | G14: 78209900 | H14: =(F14-F13)/F13 -> 0 | I14: =(F14-$F$2)/$F$2 -> 0.065306122
A15: =IFERROR(__xludf.DUMMYFUNCTION("""COMPUTED_VALUE"""),45310.6666666666) -> 45310.667 | C15: 6500 | D15: 6525 | E15: 6425 | F15: 6525 | G15: 74814000 | H15: =(F15-F14)/F14 -> 0 | I15: =(F15-$F$2)/$F$2 -> 0.065306122
A16: =IFERROR(__xludf.DUMMYFUNCTION("""COMPUTED_VALUE"""),45313.6666666666) -> 45313.667 | C16: 6500 | D16: 6550 | E16: 6450 | F16: 6500 | G16: 96993100 | H16: =(F16-F15)/F15 -> -0.0038314176 | I16: =(F16-$F$2)/$F$2 -> 0.06122449
A17: =IFERROR(__xludf.DUMMYFUNCTION("""COMPUTED_VALUE"""),45314.6666666666) -> 45314.667 | C17: 6525 | D17: 6550 | E17: 6450 | F17: 6500 | G17: 77037800 | H17: =(F17-F16)/F16 -> 0 | I17: =(F17-$F$2)/$F$2 -> 0.06122449
A18: =IFERROR(__xludf.DUMMYFUNCTION("""COMPUTED_VALUE"""),45315.6666666666) -> 45315.667 | C18: 6450 | D18: 6475 | E18: 6350 | F18: 6400 | G18: 97290600 | H18: =(F18-F17)/F17 -> -0.015384615 | I18: =(F18-$F$2)/$F$2 -> 0.044897959
A19: =IFERROR(__xludf.DUMMYFUNCTION("""COMPUTED_VALUE"""),45316.6666666666) -> 45316.667 | C19: 6325 | D19: 6400 | E19: 6250 | F19: 6275 | G19: 99094100 | H19: =(F19-F18)/F18 -> -0.01953125 | I19: =(F19-$F$2)/$F$2 -> 0.024489796
A20: =IFERROR(__xludf.DUMMYFUNCTION("""COMPUTED_VALUE"""),45317.6666666666) -> 45317.667 | C20: 6250 | D20: 6325 | E20: 6225 | F20: 6300 | G20: 77236800 | H20: =(F20-F19)/F19 -> 0.0039840637 | I20: =(F20-$F$2)/$F$2 -> 0.028571429
A21: =IFERROR(__xludf.DUMMYFUNCTION("""COMPUTED_VALUE"""),45320.6666666666) -> 45320.667 | C21: 6350 | D21: 6475 | E21: 6275 | F21: 6475 | G21: 124753000 | H21: =(F21-F20)/F20 -> 0.027777778 | I21: =(F21-$F$2)/$F$2 -> 0.057142857
A22: =IFERROR(__xludf.DUMMYFUNCTION("""COMPUTED_VALUE"""),45321.6666666666) -> 45321.667 | C22: 6475 | D22: 6700 | E22: 6450 | F22: 6650 | G22: 123330900 | H22: =(F22-F21)/F21 -> 0.027027027 | I22: =(F22-$F$2)/$F$2 -> 0.085714286
A23: =IFERROR(__xludf.DUMMYFUNCTION("""COMPUTED_VALUE"""),45322.6666666666) -> 45322.667 | C23: 6650 | D23: 6700 | E23: 6650 | F23: 6650 | G23: 128185000 | H23: =(F23-F22)/F22 -> 0 | I23: =(F23-$F$2)/$F$2 -> 0.085714286
A24: =IFERROR(__xludf.DUMMYFUNCTION("""COMPUTED_VALUE"""),45323.6666666666) -> 45323.667 | C24: 6575 | D24: 6625 | E24: 6500 | F24: 6550 | G24: 168145800 | H24: =(F24-F23)/F23 -> -0.015037594 | I24: =(F24-$F$2)/$F$2 -> 0.069387755
A25: =IFERROR(__xludf.DUMMYFUNCTION("""COMPUTED_VALUE"""),45324.6666666666) -> 45324.667 | C25: 6625 | D25: 6675 | E25: 6600 | F25: 6675 | G25: 120116200 | H25: =(F25-F24)/F24 -> 0.019083969 | I25: =(F25-$F$2)/$F$2 -> 0.089795918
A26: =IFERROR(__xludf.DUMMYFUNCTION("""COMPUTED_VALUE"""),45327.6666666666) -> 45327.667 | C26: 6700 | D26: 6950 | E26: 6675 | F26: 6825 | G26: 150535100 | H26: =(F26-F25)/F25 -> 0.02247191 | I26: =(F26-$F$2)/$F$2 -> 0.11428571
A27: =IFERROR(__xludf.DUMMYFUNCTION("""COMPUTED_VALUE"""),45328.6666666666) -> 45328.667 | C27: 6825 | D27: 6925 | E27: 6775 | F27: 6850 | G27: 90146000 | H27: =(F27-F26)/F26 -> 0.0036630037 | I27: =(F27-$F$2)/$F$2 -> 0.11836735
A28: =IFERROR(__xludf.DUMMYFUNCTION("""COMPUTED_VALUE"""),45329.6666666666) -> 45329.667 | C28: 6875 | D28: 6950 | E28: 6850 | F28: 6950 | G28: 88745500 | H28: =(F28-F27)/F27 -> 0.01459854 | I28: =(F28-$F$2)/$F$2 -> 0.13469388
A29: =IFERROR(__xludf.DUMMYFUNCTION("""COMPUTED_VALUE"""),45334.6666666666) -> 45334.667 | C29: 7150 | D29: 7200 | E29: 7050 | F29: 7100 | G29: 162771300 | H29: =(F29-F28)/F28 -> 0.021582734 | I29: =(F29-$F$2)/$F$2 -> 0.15918367
A30: =IFERROR(__xludf.DUMMYFUNCTION("""COMPUTED_VALUE"""),45335.6666666666) -> 45335.667 | C30: 7100 | D30: 7125 | E30: 7025 | F30: 7025 | G30: 102668900 | H30: =(F30-F29)/F29 -> -0.01056338 | I30: =(F30-$F$2)/$F$2 -> 0.14693878
A31: =IFERROR(__xludf.DUMMYFUNCTION("""COMPUTED_VALUE"""),45337.6666666666) -> 45337.667 | C31: 7300 | D31: 7375 | E31: 7150 | F31: 7200 | G31: 220530000 | H31: =(F31-F30)/F30 -> 0.024911032 | I31: =(F31-$F$2)/$F$2 -> 0.1755102
A32: =IFERROR(__xludf.DUMMYFUNCTION("""COMPUTED_VALUE"""),45338.6666666666) -> 45338.667 | C32: 7375 | D32: 7400 | E32: 7200 | F32: 7200 | G32: 142022100 | H32: =(F32-F31)/F31 -> 0 | I32: =(F32-$F$2)/$F$2 -> 0.1755102
A33: =IFERROR(__xludf.DUMMYFUNCTION("""COMPUTED_VALUE"""),45341.6666666666) -> 45341.667 | C33: 7150 | D33: 7325 | E33: 7125 | F33: 7150 | G33: 83753500 | H33: =(F33-F32)/F32 -> -0.0069444444 | I33: =(F33-$F$2)/$F$2 -> 0.16734694
A34: =IFERROR(__xludf.DUMMYFUNCTION("""COMPUTED_VALUE"""),45342.6666666666) -> 45342.667 | C34: 7250 | D34: 7250 | E34: 7150 | F34: 7150 | G34: 87312000 | H34: =(F34-F33)/F33 -> 0 | I34: =(F34-$F$2)/$F$2 -> 0.16734694
A35: =IFERROR(__xludf.DUMMYFUNCTION("""COMPUTED_VALUE"""),45343.6666666666) -> 45343.667 | C35: 7125 | D35: 7250 | E35: 7075 | F35: 7250 | G35: 128063900 | H35: =(F35-F34)/F34 -> 0.013986014 | I35: =(F35-$F$2)/$F$2 -> 0.18367347
A36: =IFERROR(__xludf.DUMMYFUNCTION("""COMPUTED_VALUE"""),45344.6666666666) -> 45344.667 | C36: 7175 | D36: 7200 | E36: 7100 | F36: 7100 | G36: 85735800 | H36: =(F36-F35)/F35 -> -0.020689655 | I36: =(F36-$F$2)/$F$2 -> 0.15918367
A37: =IFERROR(__xludf.DUMMYFUNCTION("""COMPUTED_VALUE"""),45345.6666666666) -> 45345.667 | C37: 7050 | D37: 7100 | E37: 7000 | F37: 7050 | G37: 109404700 | H37: =(F37-F36)/F36 -> -0.0070422535 | I37: =(F37-$F$2)/$F$2 -> 0.15102041
A38: =IFERROR(__xludf.DUMMYFUNCTION("""COMPUTED_VALUE"""),45348.6666666666) -> 45348.667 | C38: 6950 | D38: 7075 | E38: 6950 | F38: 7050 | G38: 65407700 | H38: =(F38-F37)/F37 -> 0 | I38: =(F38-$F$2)/$F$2 -> 0.15102041
A39: =IFERROR(__xludf.DUMMYFUNCTION("""COMPUTED_VALUE"""),45349.6666666666) -> 45349.667 | C39: 6975 | D39: 7100 | E39: 6975 | F39: 7075 | G39: 58066100 | H39: =(F39-F38)/F38 -> 0.0035460993 | I39: =(F39-$F$2)/$F$2 -> 0.15510204
A40: =IFERROR(__xludf.DUMMYFUNCTION("""COMPUTED_VALUE"""),45350.6666666666) -> 45350.667 | C40: 7025 | D40: 7125 | E40: 7025 | F40: 7125 | G40: 49888400 | H40: =(F40-F39)/F39 -> 0.0070671378 | I40: =(F40-$F$2)/$F$2 -> 0.16326531
A41: =IFERROR(__xludf.DUMMYFUNCTION("""COMPUTED_VALUE"""),45351.6666666666) -> 45351.667 | C41: 7125 | D41: 7150 | E41: 7000 | F41: 7000 | G41: 150713600 | H41: =(F41-F40)/F40 -> -0.01754386 | I41: =(F41-$F$2)/$F$2 -> 0.14285714
A42: =IFERROR(__xludf.DUMMYFUNCTION("""COMPUTED_VALUE"""),45352.6666666666) -> 45352.667 | C42: 7050 | D42: 7075 | E42: 6975 | F42: 7025 | G42: 90739400 | H42: =(F42-F41)/F41 -> 0.0035714286 | I42: =(F42-$F$2)/$F$2 -> 0.14693878
A43: =IFERROR(__xludf.DUMMYFUNCTION("""COMPUTED_VALUE"""),45355.6666666666) -> 45355.667 | C43: 7000 | D43: 7050 | E43: 6975 | F43: 7025 | G43: 44707200 | H43: =(F43-F42)/F42 -> 0 | I43: =(F43-$F$2)/$F$2 -> 0.14693878
A44: =IFERROR(__xludf.DUMMYFUNCTION("""COMPUTED_VALUE"""),45356.6666666666) -> 45356.667 | C44: 7075 | D44: 7100 | E44: 7000 | F44: 7025 | G44: 92557200 | H44: =(F44-F43)/F43 -> 0 | I44: =(F44-$F$2)/$F$2 -> 0.14693878
A45: =IFERROR(__xludf.DUMMYFUNCTION("""COMPUTED_VALUE"""),45357.6666666666) -> 45357.667 | C45: 7000 | D45: 7100 | E45: 7000 | F45: 7075 | G45: 74178100 | H45: =(F45-F44)/F44 -> 0.0071174377 | I45: =(F45-$F$2)/$F$2 -> 0.15510204
A46: =IFERROR(__xludf.DUMMYFUNCTION("""COMPUTED_VALUE"""),45358.6666666666) -> 45358.667 | C46: 7075 | D46: 7125 | E46: 7025 | F46: 7100 | G46: 94950400 | H46: =(F46-F45)/F45 -> 0.0035335689 | I46: =(F46-$F$2)/$F$2 -> 0.15918367
A47: =IFERROR(__xludf.DUMMYFUNCTION("""COMPUTED_VALUE"""),45359.6666666666) -> 45359.667 | C47: 7150 | D47: 7175 | E47: 7100 | F47: 7125 | G47: 109032400 | H47: =(F47-F46)/F46 -> 0.0035211268 | I47: =(F47-$F$2)/$F$2 -> 0.16326531
A48: =IFERROR(__xludf.DUMMYFUNCTION("""COMPUTED_VALUE"""),45364.6666666666) -> 45364.667 | C48: 7250 | D48: 7275 | E48: 7150 | F48: 7275 | G48: 126022700 | H48: =(F48-F47)/F47 -> 0.021052632 | I48: =(F48-$F$2)/$F$2 -> 0.1877551
A49: =IFERROR(__xludf.DUMMYFUNCTION("""COMPUTED_VALUE"""),45365.6666666666) -> 45365.667 | C49: 7250 | D49: 7400 | E49: 7225 | F49: 7400 | G49: 161193000 | H49: =(F49-F48)/F48 -> 0.017182131 | I49: =(F49-$F$2)/$F$2 -> 0.20816327
A50: =IFERROR(__xludf.DUMMYFUNCTION("""COMPUTED_VALUE"""),45366.6666666666) -> 45366.667 | C50: 7450 | D50: 7500 | E50: 7275 | F50: 7400 | G50: 250581100 | H50: =(F50-F49)/F49 -> 0 | I50: =(F50-$F$2)/$F$2 -> 0.20816327
A51: =IFERROR(__xludf.DUMMYFUNCTION("""COMPUTED_VALUE"""),45369.6666666666) -> 45369.667 | C51: 7425 | D51: 7425 | E51: 7175 | F51: 7175 | G51: 105778200 | H51: =(F51-F50)/F50 -> -0.030405405 | I51: =(F51-$F$2)/$F$2 -> 0.17142857
A52: =IFERROR(__xludf.DUMMYFUNCTION("""COMPUTED_VALUE"""),45370.6666666666) -> 45370.667 | C52: 7250 | D52: 7350 | E52: 7225 | F52: 7275 | G52: 100836600 | H52: =(F52-F51)/F51 -> 0.013937282 | I52: =(F52-$F$2)/$F$2 -> 0.1877551
A53: =IFERROR(__xludf.DUMMYFUNCTION("""COMPUTED_VALUE"""),45371.6666666666) -> 45371.667 | C53: 7050 | D53: 7050 | E53: 7000 | F53: 7050 | G53: 83416700 | H53: =(F53-F52)/F52 -> -0.030927835 | I53: =(F53-$F$2)/$F$2 -> 0.15102041
A54: =IFERROR(__xludf.DUMMYFUNCTION("""COMPUTED_VALUE"""),45372.6666666666) -> 45372.667 | C54: 7100 | D54: 7200 | E54: 7050 | F54: 7050 | G54: 81774800 | H54: =(F54-F53)/F53 -> 0 | I54: =(F54-$F$2)/$F$2 -> 0.15102041
A55: =IFERROR(__xludf.DUMMYFUNCTION("""COMPUTED_VALUE"""),45373.6666666666) -> 45373.667 | C55: 7000 | D55: 7075 | E55: 6950 | F55: 7050 | G55: 65219900 | H55: =(F55-F54)/F54 -> 0 | I55: =(F55-$F$2)/$F$2 -> 0.15102041
A56: =IFERROR(__xludf.DUMMYFUNCTION("""COMPUTED_VALUE"""),45376.6666666666) -> 45376.667 | C56: 7250 | D56: 7250 | E56: 7000 | F56: 7250 | G56: 78212700 | H56: =(F56-F55)/F55 -> 0.028368794 | I56: =(F56-$F$2)/$F$2 -> 0.18367347
A57: =IFERROR(__xludf.DUMMYFUNCTION("""COMPUTED_VALUE"""),45377.6666666666) -> 45377.667 | C57: 7225 | D57: 7225 | E57: 7125 | F57: 7175 | G57: 74274300 | H57: =(F57-F56)/F56 -> -0.010344828 | I57: =(F57-$F$2)/$F$2 -> 0.17142857
A58: =IFERROR(__xludf.DUMMYFUNCTION("""COMPUTED_VALUE"""),45378.6666666666) -> 45378.667 | C58: 7200 | D58: 7250 | E58: 7175 | F58: 7175 | G58: 46295700 | H58: =(F58-F57)/F57 -> 0 | I58: =(F58-$F$2)/$F$2 -> 0.17142857
A59: =IFERROR(__xludf.DUMMYFUNCTION("""COMPUTED_VALUE"""),45379.6666666666) -> 45379.667 | C59: 7150 | D59: 7250 | E59: 7125 | F59: 7250 | G59: 90900900 | H59: =(F59-F58)/F58 -> 0.010452962 | I59: =(F59-$F$2)/$F$2 -> 0.18367347
A60: =IFERROR(__xludf.DUMMYFUNCTION("""COMPUTED_VALUE"""),45383.6666666666) -> 45383.667 | C60: 7250 | D60: 7250 | E60: 6750 | F60: 6900 | G60: 158358600 | H60: =(F60-F59)/F59 -> -0.048275862 | I60: =(F60-$F$2)/$F$2 -> 0.12653061
A61: =IFERROR(__xludf.DUMMYFUNCTION("""COMPUTED_VALUE"""),45384.6666666666) -> 45384.667 | C61: 6900 | D61: 6900 | E61: 6700 | F61: 6900 | G61: 135764900 | H61: =(F61-F60)/F60 -> 0 | I61: =(F61-$F$2)/$F$2 -> 0.12653061
A62: =IFERROR(__xludf.DUMMYFUNCTION("""COMPUTED_VALUE"""),45385.6666666666) -> 45385.667 | C62: 6950 | D62: 6950 | E62: 6675 | F62: 6775 | G62: 115372600 | H62: =(F62-F61)/F61 -> -0.018115942 | I62: =(F62-$F$2)/$F$2 -> 0.10612245
A63: =IFERROR(__xludf.DUMMYFUNCTION("""COMPUTED_VALUE"""),45386.6666666666) -> 45386.667 | C63: 6750 | D63: 6925 | E63: 6750 | F63: 6875 | G63: 63174900 | H63: =(F63-F62)/F62 -> 0.014760148 | I63: =(F63-$F$2)/$F$2 -> 0.12244898
A64: =IFERROR(__xludf.DUMMYFUNCTION("""COMPUTED_VALUE"""),45387.6666666666) -> 45387.667 | C64: 6825 | D64: 6900 | E64: 6825 | F64: 6825 | G64: 46111500 | H64: =(F64-F63)/F63 -> -0.0072727273 | I64: =(F64-$F$2)/$F$2 -> 0.11428571
A65: =IFERROR(__xludf.DUMMYFUNCTION("""COMPUTED_VALUE"""),45398.6666666666) -> 45398.667 | C65: 6350 | D65: 6725 | E65: 6300 | F65: 6625 | G65: 180012400 | H65: =(F65-F64)/F64 -> -0.029304029 | I65: =(F65-$F$2)/$F$2 -> 0.081632653
A66: =IFERROR(__xludf.DUMMYFUNCTION("""COMPUTED_VALUE"""),45399.6666666666) -> 45399.667 | C66: 6700 | D66: 6775 | E66: 6625 | F66: 6625 | G66: 83840200 | H66: =(F66-F65)/F65 -> 0 | I66: =(F66-$F$2)/$F$2 -> 0.081632653
A67: =IFERROR(__xludf.DUMMYFUNCTION("""COMPUTED_VALUE"""),45400.6666666666) -> 45400.667 | C67: 6800 | D67: 6900 | E67: 6725 | F67: 6800 | G67: 106893900 | H67: =(F67-F66)/F66 -> 0.026415094 | I67: =(F67-$F$2)/$F$2 -> 0.11020408
A68: =IFERROR(__xludf.DUMMYFUNCTION("""COMPUTED_VALUE"""),45401.6666666666) -> 45401.667 | C68: 6725 | D68: 6800 | E68: 6650 | F68: 6725 | G68: 47943300 | H68: =(F68-F67)/F67 -> -0.011029412 | I68: =(F68-$F$2)/$F$2 -> 0.097959184
A69: =IFERROR(__xludf.DUMMYFUNCTION("""COMPUTED_VALUE"""),45404.6666666666) -> 45404.667 | C69: 6875 | D69: 6875 | E69: 6575 | F69: 6725 | G69: 121727900 | H69: =(F69-F68)/F68 -> 0 | I69: =(F69-$F$2)/$F$2 -> 0.097959184
A70: =IFERROR(__xludf.DUMMYFUNCTION("""COMPUTED_VALUE"""),45405.6666666666) -> 45405.667 | C70: 6850 | D70: 6925 | E70: 6725 | F70: 6825 | G70: 106699200 | H70: =(F70-F69)/F69 -> 0.014869888 | I70: =(F70-$F$2)/$F$2 -> 0.11428571
A71: =IFERROR(__xludf.DUMMYFUNCTION("""COMPUTED_VALUE"""),45406.6666666666) -> 45406.667 | C71: 6925 | D71: 7050 | E71: 6900 | F71: 7050 | G71: 117586500 | H71: =(F71-F70)/F70 -> 0.032967033 | I71: =(F71-$F$2)/$F$2 -> 0.15102041
A72: =IFERROR(__xludf.DUMMYFUNCTION("""COMPUTED_VALUE"""),45407.6666666666) -> 45407.667 | C72: 7050 | D72: 7075 | E72: 6925 | F72: 6950 | G72: 111803500 | H72: =(F72-F71)/F71 -> -0.014184397 | I72: =(F72-$F$2)/$F$2 -> 0.13469388
A73: =IFERROR(__xludf.DUMMYFUNCTION("""COMPUTED_VALUE"""),45408.6666666666) -> 45408.667 | C73: 7000 | D73: 7025 | E73: 6750 | F73: 6750 | G73: 125875000 | H73: =(F73-F72)/F72 -> -0.028776978 | I73: =(F73-$F$2)/$F$2 -> 0.10204082
A74: =IFERROR(__xludf.DUMMYFUNCTION("""COMPUTED_VALUE"""),45411.6666666666) -> 45411.667 | C74: 6650 | D74: 6950 | E74: 6650 | F74: 6925 | G74: 77938400 | H74: =(F74-F73)/F73 -> 0.025925926 | I74: =(F74-$F$2)/$F$2 -> 0.13061224
A75: =IFERROR(__xludf.DUMMYFUNCTION("""COMPUTED_VALUE"""),45412.6666666666) -> 45412.667 | C75: 6800 | D75: 7050 | E75: 6775 | F75: 6900 | G75: 189991300 | H75: =(F75-F74)/F74 -> -0.0036101083 | I75: =(F75-$F$2)/$F$2 -> 0.12653061
A76: =IFERROR(__xludf.DUMMYFUNCTION("""COMPUTED_VALUE"""),45414.6666666666) -> 45414.667 | C76: 6800 | D76: 6800 | E76: 6050 | F76: 6325 | G76: 501849300 | H76: =(F76-F75)/F75 -> -0.083333333 | I76: =(F76-$F$2)/$F$2 -> 0.032653061
A77: =IFERROR(__xludf.DUMMYFUNCTION("""COMPUTED_VALUE"""),45415.6666666666) -> 45415.667 | C77: 6300 | D77: 6425 | E77: 6050 | F77: 6150 | G77: 269305400 | H77: =(F77-F76)/F76 -> -0.027667984 | I77: =(F77-$F$2)/$F$2 -> 0.0040816327
A78: =IFERROR(__xludf.DUMMYFUNCTION("""COMPUTED_VALUE"""),45418.6666666666) -> 45418.667 | C78: 6250 | D78: 6400 | E78: 6150 | F78: 6275 | G78: 184234200 | H78: =(F78-F77)/F77 -> 0.020325203 | I78: =(F78-$F$2)/$F$2 -> 0.024489796
A79: =IFERROR(__xludf.DUMMYFUNCTION("""COMPUTED_VALUE"""),45419.6666666666) -> 45419.667 | C79: 6325 | D79: 6400 | E79: 6250 | F79: 6275 | G79: 130410300 | H79: =(F79-F78)/F78 -> 0 | I79: =(F79-$F$2)/$F$2 -> 0.024489796
A80: =IFERROR(__xludf.DUMMYFUNCTION("""COMPUTED_VALUE"""),45420.6666666666) -> 45420.667 | C80: 6325 | D80: 6450 | E80: 6250 | F80: 6275 | G80: 117065300 | H80: =(F80-F79)/F79 -> 0 | I80: =(F80-$F$2)/$F$2 -> 0.024489796
A81: =IFERROR(__xludf.DUMMYFUNCTION("""COMPUTED_VALUE"""),45425.6666666666) -> 45425.667 | C81: 6200 | D81: 6275 | E81: 6125 | F81: 6200 | G81: 128638300 | H81: =(F81-F80)/F80 -> -0.011952191 | I81: =(F81-$F$2)/$F$2 -> 0.012244898
A82: =IFERROR(__xludf.DUMMYFUNCTION("""COMPUTED_VALUE"""),45426.6666666666) -> 45426.667 | C82: 6175 | D82: 6300 | E82: 6175 | F82: 6200 | G82: 94048400 | H82: =(F82-F81)/F81 -> 0 | I82: =(F82-$F$2)/$F$2 -> 0.012244898
A83: =IFERROR(__xludf.DUMMYFUNCTION("""COMPUTED_VALUE"""),45427.6666666666) -> 45427.667 | C83: 6200 | D83: 6400 | E83: 6200 | F83: 6375 | G83: 80923000 | H83: =(F83-F82)/F82 -> 0.028225806 | I83: =(F83-$F$2)/$F$2 -> 0.040816327
A84: =IFERROR(__xludf.DUMMYFUNCTION("""COMPUTED_VALUE"""),45428.6666666666) -> 45428.667 | C84: 6450 | D84: 6500 | E84: 6325 | F84: 6350 | G84: 114806300 | H84: =(F84-F83)/F83 -> -0.0039215686 | I84: =(F84-$F$2)/$F$2 -> 0.036734694
A85: =IFERROR(__xludf.DUMMYFUNCTION("""COMPUTED_VALUE"""),45429.6666666666) -> 45429.667 | C85: 6350 | D85: 6650 | E85: 6350 | F85: 6575 | G85: 133153900 | H85: =(F85-F84)/F84 -> 0.035433071 | I85: =(F85-$F$2)/$F$2 -> 0.073469388
A86: =IFERROR(__xludf.DUMMYFUNCTION("""COMPUTED_VALUE"""),45432.6666666666) -> 45432.667 | C86: 6550 | D86: 6625 | E86: 6200 | F86: 6325 | G86: 168796000 | H86: =(F86-F85)/F85 -> -0.038022814 | I86: =(F86-$F$2)/$F$2 -> 0.032653061
A87: =IFERROR(__xludf.DUMMYFUNCTION("""COMPUTED_VALUE"""),45433.6666666666) -> 45433.667 | C87: 6225 | D87: 6275 | E87: 5975 | F87: 6025 | G87: 307362900 | H87: =(F87-F86)/F86 -> -0.04743083 | I87: =(F87-$F$2)/$F$2 -> -0.016326531
A88: =IFERROR(__xludf.DUMMYFUNCTION("""COMPUTED_VALUE"""),45434.6666666666) -> 45434.667 | C88: 6000 | D88: 6150 | E88: 5950 | F88: 6050 | G88: 171675900 | H88: =(F88-F87)/F87 -> 0.0041493776 | I88: =(F88-$F$2)/$F$2 -> -0.012244898
A89: =IFERROR(__xludf.DUMMYFUNCTION("""COMPUTED_VALUE"""),45439.6666666666) -> 45439.667 | C89: 6025 | D89: 6050 | E89: 5825 | F89: 5825 | G89: 258450900 | H89: =(F89-F88)/F88 -> -0.037190083 | I89: =(F89-$F$2)/$F$2 -> -0.048979592
A90: =IFERROR(__xludf.DUMMYFUNCTION("""COMPUTED_VALUE"""),45440.6666666666) -> 45440.667 | C90: 5850 | D90: 6025 | E90: 5825 | F90: 5950 | G90: 93701700 | H90: =(F90-F89)/F89 -> 0.021459227 | I90: =(F90-$F$2)/$F$2 -> -0.028571429
A91: =IFERROR(__xludf.DUMMYFUNCTION("""COMPUTED_VALUE"""),45441.6666666666) -> 45441.667 | C91: 5825 | D91: 5875 | E91: 5700 | F91: 5800 | G91: 169386300 | H91: =(F91-F90)/F90 -> -0.025210084 | I91: =(F91-$F$2)/$F$2 -> -0.053061224
A92: =IFERROR(__xludf.DUMMYFUNCTION("""COMPUTED_VALUE"""),45442.6666666666) -> 45442.667 | C92: 5775 | D92: 6000 | E92: 5525 | F92: 5875 | G92: 236632600 | H92: =(F92-F91)/F91 -> 0.012931034 | I92: =(F92-$F$2)/$F$2 -> -0.040816327
A93: =IFERROR(__xludf.DUMMYFUNCTION("""COMPUTED_VALUE"""),45443.6666666666) -> 45443.667 | C93: 6000 | D93: 6025 | E93: 5900 | F93: 5900 | G93: 169567000 | H93: =(F93-F92)/F92 -> 0.0042553191 | I93: =(F93-$F$2)/$F$2 -> -0.036734694
A94: =IFERROR(__xludf.DUMMYFUNCTION("""COMPUTED_VALUE"""),45446.6666666666) -> 45446.667 | C94: 6075 | D94: 6150 | E94: 6025 | F94: 6100 | G94: 92525600 | H94: =(F94-F93)/F93 -> 0.033898305 | I94: =(F94-$F$2)/$F$2 -> -0.0040816327
A95: =IFERROR(__xludf.DUMMYFUNCTION("""COMPUTED_VALUE"""),45447.6666666666) -> 45447.667 | C95: 6150 | D95: 6275 | E95: 6125 | F95: 6150 | G95: 137800600 | H95: =(F95-F94)/F94 -> 0.0081967213 | I95: =(F95-$F$2)/$F$2 -> 0.0040816327
A96: =IFERROR(__xludf.DUMMYFUNCTION("""COMPUTED_VALUE"""),45448.6666666666) -> 45448.667 | C96: 6125 | D96: 6150 | E96: 5975 | F96: 6000 | G96: 102327300 | H96: =(F96-F95)/F95 -> -0.024390244 | I96: =(F96-$F$2)/$F$2 -> -0.020408163
A97: =IFERROR(__xludf.DUMMYFUNCTION("""COMPUTED_VALUE"""),45449.6666666666) -> 45449.667 | C97: 6125 | D97: 6200 | E97: 6075 | F97: 6175 | G97: 85735200 | H97: =(F97-F96)/F96 -> 0.029166667 | I97: =(F97-$F$2)/$F$2 -> 0.0081632653
A98: =IFERROR(__xludf.DUMMYFUNCTION("""COMPUTED_VALUE"""),45450.6666666666) -> 45450.667 | C98: 6250 | D98: 6275 | E98: 6150 | F98: 6275 | G98: 99092800 | H98: =(F98-F97)/F97 -> 0.016194332 | I98: =(F98-$F$2)/$F$2 -> 0.024489796
A99: =IFERROR(__xludf.DUMMYFUNCTION("""COMPUTED_VALUE"""),45453.6666666666) -> 45453.667 | C99: 6275 | D99: 6350 | E99: 6200 | F99: 6275 | G99: 80154400 | H99: =(F99-F98)/F98 -> 0 | I99: =(F99-$F$2)/$F$2 -> 0.024489796
A100: =IFERROR(__xludf.DUMMYFUNCTION("""COMPUTED_VALUE"""),45454.6666666666) -> 45454.667 | C100: 6200 | D100: 6250 | E100: 6125 | F100: 6125 | G100: 56254400 | H100: =(F100-F99)/F99 -> -0.023904382 | I100: =(F100-$F$2)/$F$2 -> 0
...

Sheet BBNI
A1: Date | C1: Open | D1: High | E1: Low | F1: Close | G1: Volume | H1: Change
A2: =IFERROR(__xludf.DUMMYFUNCTION("""COMPUTED_VALUE"""),45293.6666666666) -> 45293.667 | C2: 5375 | D2: 5375 | E2: 5300 | F2: 5375 | G2: 20147500 | H2: 0 | I2: 0
A3: =IFERROR(__xludf.DUMMYFUNCTION("""COMPUTED_VALUE"""),45294.6666666666) -> 45294.667 | C3: 5375 | D3: 5400 | E3: 5325 | F3: 5350 | G3: 27547700 | H3: =(F3-F2)/F2 -> -0.0046511628 | I3: =(F3-$F$2)/$F$2 -> -0.0046511628
A4: =IFERROR(__xludf.DUMMYFUNCTION("""COMPUTED_VALUE"""),45295.6666666666) -> 45295.667 | C4: 5350 | D4: 5675 | E4: 5325 | F4: 5600 | G4: 77162400 | H4: =(F4-F3)/F3 -> 0.046728972 | I4: =(F4-$F$2)/$F$2 -> 0.041860465
A5: =IFERROR(__xludf.DUMMYFUNCTION("""COMPUTED_VALUE"""),45296.6666666666) -> 45296.667 | C5: 5675 | D5: 5750 | E5: 5575 | F5: 5575 | G5: 69463500 | H5: =(F5-F4)/F4 -> -0.0044642857 | I5: =(F5-$F$2)/$F$2 -> 0.037209302
A6: =IFERROR(__xludf.DUMMYFUNCTION("""COMPUTED_VALUE"""),45299.6666666666) -> 45299.667 | C6: 5575 | D6: 5650 | E6: 5550 | F6: 5575 | G6: 60606600 | H6: =(F6-F5)/F5 -> 0 | I6: =(F6-$F$2)/$F$2 -> 0.037209302
A7: =IFERROR(__xludf.DUMMYFUNCTION("""COMPUTED_VALUE"""),45300.6666666666) -> 45300.667 | C7: 5600 | D7: 5650 | E7: 5600 | F7: 5650 | G7: 34897000 | H7: =(F7-F6)/F6 -> 0.013452915 | I7: =(F7-$F$2)/$F$2 -> 0.051162791
A8: =IFERROR(__xludf.DUMMYFUNCTION("""COMPUTED_VALUE"""),45301.6666666666) -> 45301.667 | C8: 5625 | D8: 5675 | E8: 5575 | F8: 5600 | G8: 37988500 | H8: =(F8-F7)/F7 -> -0.0088495575 | I8: =(F8-$F$2)/$F$2 -> 0.041860465
A9: =IFERROR(__xludf.DUMMYFUNCTION("""COMPUTED_VALUE"""),45302.6666666666) -> 45302.667 | C9: 5650 | D9: 5700 | E9: 5575 | F9: 5600 | G9: 22855800 | H9: =(F9-F8)/F8 -> 0 | I9: =(F9-$F$2)/$F$2 -> 0.041860465
A10: =IFERROR(__xludf.DUMMYFUNCTION("""COMPUTED_VALUE"""),45303.6666666666) -> 45303.667 | C10: 5600 | D10: 5650 | E10: 5575 | F10: 5600 | G10: 40942900 | H10: =(F10-F9)/F9 -> 0 | I10: =(F10-$F$2)/$F$2 -> 0.041860465
A11: =IFERROR(__xludf.DUMMYFUNCTION("""COMPUTED_VALUE"""),45306.6666666666) -> 45306.667 | C11: 5650 | D11: 5675 | E11: 5600 | F11: 5625 | G11: 51408800 | H11: =(F11-F10)/F10 -> 0.0044642857 | I11: =(F11-$F$2)/$F$2 -> 0.046511628
A12: =IFERROR(__xludf.DUMMYFUNCTION("""COMPUTED_VALUE"""),45307.6666666666) -> 45307.667 | C12: 5625 | D12: 5625 | E12: 5575 | F12: 5600 | G12: 37795700 | H12: =(F12-F11)/F11 -> -0.0044444444 | I12: =(F12-$F$2)/$F$2 -> 0.041860465
A13: =IFERROR(__xludf.DUMMYFUNCTION("""COMPUTED_VALUE"""),45308.6666666666) -> 45308.667 | C13: 5600 | D13: 5625 | E13: 5475 | F13: 5550 | G13: 61481200 | H13: =(F13-F12)/F12 -> -0.0089285714 | I13: =(F13-$F$2)/$F$2 -> 0.03255814
A14: =IFERROR(__xludf.DUMMYFUNCTION("""COMPUTED_VALUE"""),45309.6666666666) -> 45309.667 | C14: 5550 | D14: 5600 | E14: 5475 | F14: 5550 | G14: 33241700 | H14: =(F14-F13)/F13 -> 0 | I14: =(F14-$F$2)/$F$2 -> 0.03255814
A15: =IFERROR(__xludf.DUMMYFUNCTION("""COMPUTED_VALUE"""),45310.6666666666) -> 45310.667 | C15: 5575 | D15: 5575 | E15: 5475 | F15: 5500 | G15: 29776100 | H15: =(F15-F14)/F14 -> -0.009009009 | I15: =(F15-$F$2)/$F$2 -> 0.023255814
A16: =IFERROR(__xludf.DUMMYFUNCTION("""COMPUTED_VALUE"""),45313.6666666666) -> 45313.667 | C16: 5525 | D16: 5600 | E16: 5450 | F16: 5525 | G16: 30949600 | H16: =(F16-F15)/F15 -> 0.0045454545 | I16: =(F16-$F$2)/$F$2 -> 0.027906977
A17: =IFERROR(__xludf.DUMMYFUNCTION("""COMPUTED_VALUE"""),45314.6666666666) -> 45314.667 | C17: 5525 | D17: 5525 | E17: 5375 | F17: 5425 | G17: 48824300 | H17: =(F17-F16)/F16 -> -0.018099548 | I17: =(F17-$F$2)/$F$2 -> 0.0093023256
A18: =IFERROR(__xludf.DUMMYFUNCTION("""COMPUTED_VALUE"""),45315.6666666666) -> 45315.667 | C18: 5450 | D18: 5500 | E18: 5400 | F18: 5475 | G18: 42436800 | H18: =(F18-F17)/F17 -> 0.0092165899 | I18: =(F18-$F$2)/$F$2 -> 0.018604651
A19: =IFERROR(__xludf.DUMMYFUNCTION("""COMPUTED_VALUE"""),45316.6666666666) -> 45316.667 | C19: 5500 | D19: 5525 | E19: 5400 | F19: 5400 | G19: 47955600 | H19: =(F19-F18)/F18 -> -0.01369863 | I19: =(F19-$F$2)/$F$2 -> 0.0046511628
A20: =IFERROR(__xludf.DUMMYFUNCTION("""COMPUTED_VALUE"""),45317.6666666666) -> 45317.667 | C20: 5400 | D20: 5425 | E20: 5350 | F20: 5425 | G20: 30545600 | H20: =(F20-F19)/F19 -> 0.0046296296 | I20: =(F20-$F$2)/$F$2 -> 0.0093023256
A21: =IFERROR(__xludf.DUMMYFUNCTION("""COMPUTED_VALUE"""),45320.6666666666) -> 45320.667 | C21: 5450 | D21: 5575 | E21: 5450 | F21: 5575 | G21: 63056100 | H21: =(F21-F20)/F20 -> 0.02764977 | I21: =(F21-$F$2)/$F$2 -> 0.037209302
A22: =IFERROR(__xludf.DUMMYFUNCTION("""COMPUTED_VALUE"""),45321.6666666666) -> 45321.667 | C22: 5575 | D22: 5675 | E22: 5550 | F22: 5650 | G22: 55020500 | H22: =(F22-F21)/F21 -> 0.013452915 | I22: =(F22-$F$2)/$F$2 -> 0.051162791
A23: =IFERROR(__xludf.DUMMYFUNCTION("""COMPUTED_VALUE"""),45322.6666666666) -> 45322.667 | C23: 5700 | D23: 5800 | E23: 5675 | F23: 5750 | G23: 70045600 | H23: =(F23-F22)/F22 -> 0.017699115 | I23: =(F23-$F$2)/$F$2 -> 0.069767442
A24: =IFERROR(__xludf.DUMMYFUNCTION("""COMPUTED_VALUE"""),45323.6666666666) -> 45323.667 | C24: 5750 | D24: 5750 | E24: 5650 | F24: 5725 | G24: 49179400 | H24: =(F24-F23)/F23 -> -0.0043478261 | I24: =(F24-$F$2)/$F$2 -> 0.065116279
A25: =IFERROR(__xludf.DUMMYFUNCTION("""COMPUTED_VALUE"""),45324.6666666666) -> 45324.667 | C25: 5750 | D25: 5825 | E25: 5750 | F25: 5775 | G25: 44074200 | H25: =(F25-F24)/F24 -> 0.0087336245 | I25: =(F25-$F$2)/$F$2 -> 0.074418605
A26: =IFERROR(__xludf.DUMMYFUNCTION("""COMPUTED_VALUE"""),45327.6666666666) -> 45327.667 | C26: 5775 | D26: 5825 | E26: 5725 | F26: 5750 | G26: 47096400 | H26: =(F26-F25)/F25 -> -0.0043290043 | I26: =(F26-$F$2)/$F$2 -> 0.069767442
A27: =IFERROR(__xludf.DUMMYFUNCTION("""COMPUTED_VALUE"""),45328.6666666666) -> 45328.667 | C27: 5775 | D27: 5825 | E27: 5750 | F27: 5775 | G27: 41834000 | H27: =(F27-F26)/F26 -> 0.0043478261 | I27: =(F27-$F$2)/$F$2 -> 0.074418605
A28: =IFERROR(__xludf.DUMMYFUNCTION("""COMPUTED_VALUE"""),45329.6666666666) -> 45329.667 | C28: 5775 | D28: 5825 | E28: 5750 | F28: 5750 | G28: 39906900 | H28: =(F28-F27)/F27 -> -0.0043290043 | I28: =(F28-$F$2)/$F$2 -> 0.069767442
A29: =IFERROR(__xludf.DUMMYFUNCTION("""COMPUTED_VALUE"""),45334.6666666666) -> 45334.667 | C29: 5775 | D29: 6000 | E29: 5750 | F29: 5950 | G29: 64615800 | H29: =(F29-F28)/F28 -> 0.034782609 | I29: =(F29-$F$2)/$F$2 -> 0.10697674
A30: =IFERROR(__xludf.DUMMYFUNCTION("""COMPUTED_VALUE"""),45335.6666666666) -> 45335.667 | C30: 5975 | D30: 5975 | E30: 5850 | F30: 5875 | G30: 74976200 | H30: =(F30-F29)/F29 -> -0.012605042 | I30: =(F30-$F$2)/$F$2 -> 0.093023256
A31: =IFERROR(__xludf.DUMMYFUNCTION("""COMPUTED_VALUE"""),45337.6666666666) -> 45337.667 | C31: 6150 | D31: 6225 | E31: 6000 | F31: 6000 | G31: 128792500 | H31: =(F31-F30)/F30 -> 0.021276596 | I31: =(F31-$F$2)/$F$2 -> 0.11627907
A32: =IFERROR(__xludf.DUMMYFUNCTION("""COMPUTED_VALUE"""),45338.6666666666) -> 45338.667 | C32: 6025 | D32: 6125 | E32: 6000 | F32: 6000 | G32: 62601000 | H32: =(F32-F31)/F31 -> 0 | I32: =(F32-$F$2)/$F$2 -> 0.11627907
A33: =IFERROR(__xludf.DUMMYFUNCTION("""COMPUTED_VALUE"""),45341.6666666666) -> 45341.667 | C33: 6025 | D33: 6050 | E33: 5875 | F33: 5875 | G33: 67950100 | H33: =(F33-F32)/F32 -> -0.020833333 | I33: =(F33-$F$2)/$F$2 -> 0.093023256
A34: =IFERROR(__xludf.DUMMYFUNCTION("""COMPUTED_VALUE"""),45342.6666666666) -> 45342.667 | C34: 5900 | D34: 6025 | E34: 5900 | F34: 6025 | G34: 37554100 | H34: =(F34-F33)/F33 -> 0.025531915 | I34: =(F34-$F$2)/$F$2 -> 0.12093023
A35: =IFERROR(__xludf.DUMMYFUNCTION("""COMPUTED_VALUE"""),45343.6666666666) -> 45343.667 | C35: 6025 | D35: 6050 | E35: 5925 | F35: 6000 | G35: 54476400 | H35: =(F35-F34)/F34 -> -0.0041493776 | I35: =(F35-$F$2)/$F$2 -> 0.11627907
A36: =IFERROR(__xludf.DUMMYFUNCTION("""COMPUTED_VALUE"""),45344.6666666666) -> 45344.667 | C36: 6000 | D36: 6025 | E36: 5900 | F36: 5950 | G36: 37676100 | H36: =(F36-F35)/F35 -> -0.0083333333 | I36: =(F36-$F$2)/$F$2 -> 0.10697674
A37: =IFERROR(__xludf.DUMMYFUNCTION("""COMPUTED_VALUE"""),45345.6666666666) -> 45345.667 | C37: 6000 | D37: 6000 | E37: 5825 | F37: 5900 | G37: 50216600 | H37: =(F37-F36)/F36 -> -0.0084033613 | I37: =(F37-$F$2)/$F$2 -> 0.097674419
A38: =IFERROR(__xludf.DUMMYFUNCTION("""COMPUTED_VALUE"""),45348.6666666666) -> 45348.667 | C38: 5900 | D38: 5925 | E38: 5800 | F38: 5900 | G38: 27500000 | H38: =(F38-F37)/F37 -> 0 | I38: =(F38-$F$2)/$F$2 -> 0.097674419
A39: =IFERROR(__xludf.DUMMYFUNCTION("""COMPUTED_VALUE"""),45349.6666666666) -> 45349.667 | C39: 5900 | D39: 6000 | E39: 5850 | F39: 6000 | G39: 38645200 | H39: =(F39-F38)/F38 -> 0.016949153 | I39: =(F39-$F$2)/$F$2 -> 0.11627907
A40: =IFERROR(__xludf.DUMMYFUNCTION("""COMPUTED_VALUE"""),45350.6666666666) -> 45350.667 | C40: 5950 | D40: 6000 | E40: 5900 | F40: 5975 | G40: 27278600 | H40: =(F40-F39)/F39 -> -0.0041666667 | I40: =(F40-$F$2)/$F$2 -> 0.11162791
A41: =IFERROR(__xludf.DUMMYFUNCTION("""COMPUTED_VALUE"""),45351.6666666666) -> 45351.667 | C41: 5975 | D41: 6000 | E41: 5900 | F41: 6000 | G41: 48736000 | H41: =(F41-F40)/F40 -> 0.0041841004 | I41: =(F41-$F$2)/$F$2 -> 0.11627907
A42: =IFERROR(__xludf.DUMMYFUNCTION("""COMPUTED_VALUE"""),45352.6666666666) -> 45352.667 | C42: 5925 | D42: 5975 | E42: 5825 | F42: 5900 | G42: 71774400 | H42: =(F42-F41)/F41 -> -0.016666667 | I42: =(F42-$F$2)/$F$2 -> 0.097674419
A43: =IFERROR(__xludf.DUMMYFUNCTION("""COMPUTED_VALUE"""),45355.6666666666) -> 45355.667 | C43: 5900 | D43: 5925 | E43: 5800 | F43: 5875 | G43: 35600700 | H43: =(F43-F42)/F42 -> -0.0042372881 | I43: =(F43-$F$2)/$F$2 -> 0.093023256
A44: =IFERROR(__xludf.DUMMYFUNCTION("""COMPUTED_VALUE"""),45356.6666666666) -> 45356.667 | C44: 5875 | D44: 5950 | E44: 5850 | F44: 5900 | G44: 49795500 | H44: =(F44-F43)/F43 -> 0.0042553191 | I44: =(F44-$F$2)/$F$2 -> 0.097674419
A45: =IFERROR(__xludf.DUMMYFUNCTION("""COMPUTED_VALUE"""),45357.6666666666) -> 45357.667 | C45: 5900 | D45: 5950 | E45: 5875 | F45: 5950 | G45: 28923100 | H45: =(F45-F44)/F44 -> 0.0084745763 | I45: =(F45-$F$2)/$F$2 -> 0.10697674
A46: =IFERROR(__xludf.DUMMYFUNCTION("""COMPUTED_VALUE"""),45358.6666666666) -> 45358.667 | C46: 5975 | D46: 6025 | E46: 5950 | F46: 5975 | G46: 47464200 | H46: =(F46-F45)/F45 -> 0.0042016807 | I46: =(F46-$F$2)/$F$2 -> 0.11162791
A47: =IFERROR(__xludf.DUMMYFUNCTION("""COMPUTED_VALUE"""),45359.6666666666) -> 45359.667 | C47: 6000 | D47: 6125 | E47: 5975 | F47: 6100 | G47: 73185000 | H47: =(F47-F46)/F46 -> 0.020920502 | I47: =(F47-$F$2)/$F$2 -> 0.13488372
A48: =IFERROR(__xludf.DUMMYFUNCTION("""COMPUTED_VALUE"""),45364.6666666666) -> 45364.667 | C48: 6100 | D48: 6250 | E48: 6100 | F48: 6225 | G48: 87861700 | H48: =(F48-F47)/F47 -> 0.020491803 | I48: =(F48-$F$2)/$F$2 -> 0.15813953
A49: =IFERROR(__xludf.DUMMYFUNCTION("""COMPUTED_VALUE"""),45365.6666666666) -> 45365.667 | C49: 6225 | D49: 6250 | E49: 6075 | F49: 6150 | G49: 88145400 | H49: =(F49-F48)/F48 -> -0.012048193 | I49: =(F49-$F$2)/$F$2 -> 0.14418605
A50: =IFERROR(__xludf.DUMMYFUNCTION("""COMPUTED_VALUE"""),45366.6666666666) -> 45366.667 | C50: 5950 | D50: 5950 | E50: 5725 | F50: 5800 | G50: 144447600 | H50: =(F50-F49)/F49 -> -0.056910569 | I50: =(F50-$F$2)/$F$2 -> 0.079069767
A51: =IFERROR(__xludf.DUMMYFUNCTION("""COMPUTED_VALUE"""),45369.6666666666) -> 45369.667 | C51: 5825 | D51: 5900 | E51: 5800 | F51: 5800 | G51: 48979300 | H51: =(F51-F50)/F50 -> 0 | I51: =(F51-$F$2)/$F$2 -> 0.079069767
A52: =IFERROR(__xludf.DUMMYFUNCTION("""COMPUTED_VALUE"""),45370.6666666666) -> 45370.667 | C52: 5800 | D52: 5875 | E52: 5800 | F52: 5850 | G52: 34162200 | H52: =(F52-F51)/F51 -> 0.0086206897 | I52: =(F52-$F$2)/$F$2 -> 0.088372093
A53: =IFERROR(__xludf.DUMMYFUNCTION("""COMPUTED_VALUE"""),45371.6666666666) -> 45371.667 | C53: 5850 | D53: 5900 | E53: 5850 | F53: 5875 | G53: 32725900 | H53: =(F53-F52)/F52 -> 0.0042735043 | I53: =(F53-$F$2)/$F$2 -> 0.093023256
A54: =IFERROR(__xludf.DUMMYFUNCTION("""COMPUTED_VALUE"""),45372.6666666666) -> 45372.667 | C54: 5900 | D54: 5925 | E54: 5800 | F54: 5800 | G54: 50976000 | H54: =(F54-F53)/F53 -> -0.012765957 | I54: =(F54-$F$2)/$F$2 -> 0.079069767
A55: =IFERROR(__xludf.DUMMYFUNCTION("""COMPUTED_VALUE"""),45373.6666666666) -> 45373.667 | C55: 5850 | D55: 5875 | E55: 5800 | F55: 5850 | G55: 29927600 | H55: =(F55-F54)/F54 -> 0.0086206897 | I55: =(F55-$F$2)/$F$2 -> 0.088372093
A56: =IFERROR(__xludf.DUMMYFUNCTION("""COMPUTED_VALUE"""),45376.6666666666) -> 45376.667 | C56: 5925 | D56: 5925 | E56: 5825 | F56: 5925 | G56: 43514000 | H56: =(F56-F55)/F55 -> 0.012820513 | I56: =(F56-$F$2)/$F$2 -> 0.10232558
A57: =IFERROR(__xludf.DUMMYFUNCTION("""COMPUTED_VALUE"""),45377.6666666666) -> 45377.667 | C57: 5950 | D57: 5950 | E57: 5850 | F57: 5950 | G57: 29383900 | H57: =(F57-F56)/F56 -> 0.0042194093 | I57: =(F57-$F$2)/$F$2 -> 0.10697674
A58: =IFERROR(__xludf.DUMMYFUNCTION("""COMPUTED_VALUE"""),45378.6666666666) -> 45378.667 | C58: 5950 | D58: 5975 | E58: 5900 | F58: 5925 | G58: 19643200 | H58: =(F58-F57)/F57 -> -0.0042016807 | I58: =(F58-$F$2)/$F$2 -> 0.10232558
A59: =IFERROR(__xludf.DUMMYFUNCTION("""COMPUTED_VALUE"""),45379.6666666666) -> 45379.667 | C59: 5950 | D59: 5950 | E59: 5850 | F59: 5900 | G59: 40077400 | H59: =(F59-F58)/F58 -> -0.0042194093 | I59: =(F59-$F$2)/$F$2 -> 0.097674419
A60: =IFERROR(__xludf.DUMMYFUNCTION("""COMPUTED_VALUE"""),45383.6666666666) -> 45383.667 | C60: 5900 | D60: 5900 | E60: 5550 | F60: 5650 | G60: 100174400 | H60: =(F60-F59)/F59 -> -0.042372881 | I60: =(F60-$F$2)/$F$2 -> 0.051162791
A61: =IFERROR(__xludf.DUMMYFUNCTION("""COMPUTED_VALUE"""),45384.6666666666) -> 45384.667 | C61: 5625 | D61: 5625 | E61: 5425 | F61: 5475 | G61: 121164600 | H61: =(F61-F60)/F60 -> -0.030973451 | I61: =(F61-$F$2)/$F$2 -> 0.018604651
A62: =IFERROR(__xludf.DUMMYFUNCTION("""COMPUTED_VALUE"""),45385.6666666666) -> 45385.667 | C62: 5450 | D62: 5525 | E62: 5225 | F62: 5325 | G62: 126994500 | H62: =(F62-F61)/F61 -> -0.02739726 | I62: =(F62-$F$2)/$F$2 -> -0.0093023256
A63: =IFERROR(__xludf.DUMMYFUNCTION("""COMPUTED_VALUE"""),45386.6666666666) -> 45386.667 | C63: 5250 | D63: 5375 | E63: 5250 | F63: 5350 | G63: 163113100 | H63: =(F63-F62)/F62 -> 0.0046948357 | I63: =(F63-$F$2)/$F$2 -> -0.0046511628
A64: =IFERROR(__xludf.DUMMYFUNCTION("""COMPUTED_VALUE"""),45387.6666666666) -> 45387.667 | C64: 5325 | D64: 5375 | E64: 5300 | F64: 5300 | G64: 36818200 | H64: =(F64-F63)/F63 -> -0.0093457944 | I64: =(F64-$F$2)/$F$2 -> -0.013953488
A65: =IFERROR(__xludf.DUMMYFUNCTION("""COMPUTED_VALUE"""),45398.6666666666) -> 45398.667 | C65: 5075 | D65: 5300 | E65: 5050 | F65: 5200 | G65: 164123600 | H65: =(F65-F64)/F64 -> -0.018867925 | I65: =(F65-$F$2)/$F$2 -> -0.03255814
A66: =IFERROR(__xludf.DUMMYFUNCTION("""COMPUTED_VALUE"""),45399.6666666666) -> 45399.667 | C66: 5250 | D66: 5350 | E66: 5250 | F66: 5250 | G66: 68948000 | H66: =(F66-F65)/F65 -> 0.0096153846 | I66: =(F66-$F$2)/$F$2 -> -0.023255814
A67: =IFERROR(__xludf.DUMMYFUNCTION("""COMPUTED_VALUE"""),45400.6666666666) -> 45400.667 | C67: 5250 | D67: 5350 | E67: 5250 | F67: 5300 | G67: 57785900 | H67: =(F67-F66)/F66 -> 0.0095238095 | I67: =(F67-$F$2)/$F$2 -> -0.013953488
A68: =IFERROR(__xludf.DUMMYFUNCTION("""COMPUTED_VALUE"""),45401.6666666666) -> 45401.667 | C68: 5250 | D68: 5275 | E68: 5175 | F68: 5225 | G68: 52519300 | H68: =(F68-F67)/F67 -> -0.014150943 | I68: =(F68-$F$2)/$F$2 -> -0.027906977
A69: =IFERROR(__xludf.DUMMYFUNCTION("""COMPUTED_VALUE"""),45404.6666666666) -> 45404.667 | C69: 5250 | D69: 5350 | E69: 5150 | F69: 5350 | G69: 62509300 | H69: =(F69-F68)/F68 -> 0.023923445 | I69: =(F69-$F$2)/$F$2 -> -0.0046511628
A70: =IFERROR(__xludf.DUMMYFUNCTION("""COMPUTED_VALUE"""),45405.6666666666) -> 45405.667 | C70: 5375 | D70: 5425 | E70: 5250 | F70: 5250 | G70: 45322700 | H70: =(F70-F69)/F69 -> -0.018691589 | I70: =(F70-$F$2)/$F$2 -> -0.023255814
A71: =IFERROR(__xludf.DUMMYFUNCTION("""COMPUTED_VALUE"""),45406.6666666666) -> 45406.667 | C71: 5300 | D71: 5350 | E71: 5200 | F71: 5300 | G71: 44771200 | H71: =(F71-F70)/F70 -> 0.0095238095 | I71: =(F71-$F$2)/$F$2 -> -0.013953488
A72: =IFERROR(__xludf.DUMMYFUNCTION("""COMPUTED_VALUE"""),45407.6666666666) -> 45407.667 | C72: 5300 | D72: 5325 | E72: 5225 | F72: 5300 | G72: 35922300 | H72: =(F72-F71)/F71 -> 0 | I72: =(F72-$F$2)/$F$2 -> -0.013953488
A73: =IFERROR(__xludf.DUMMYFUNCTION("""COMPUTED_VALUE"""),45408.6666666666) -> 45408.667 | C73: 5200 | D73: 5275 | E73: 5100 | F73: 5150 | G73: 80482400 | H73: =(F73-F72)/F72 -> -0.028301887 | I73: =(F73-$F$2)/$F$2 -> -0.041860465
A74: =IFERROR(__xludf.DUMMYFUNCTION("""COMPUTED_VALUE"""),45411.6666666666) -> 45411.667 | C74: 5125 | D74: 5225 | E74: 5050 | F74: 5225 | G74: 41068600 | H74: =(F74-F73)/F73 -> 0.014563107 | I74: =(F74-$F$2)/$F$2 -> -0.027906977
A75: =IFERROR(__xludf.DUMMYFUNCTION("""COMPUTED_VALUE"""),45412.6666666666) -> 45412.667 | C75: 5325 | D75: 5350 | E75: 5225 | F75: 5250 | G75: 73658500 | H75: =(F75-F74)/F74 -> 0.004784689 | I75: =(F75-$F$2)/$F$2 -> -0.023255814
A76: =IFERROR(__xludf.DUMMYFUNCTION("""COMPUTED_VALUE"""),45414.6666666666) -> 45414.667 | C76: 5200 | D76: 5250 | E76: 4810 | F76: 4830 | G76: 183458300 | H76: =(F76-F75)/F75 -> -0.08 | I76: =(F76-$F$2)/$F$2 -> -0.10139535
A77: =IFERROR(__xludf.DUMMYFUNCTION("""COMPUTED_VALUE"""),45415.6666666666) -> 45415.667 | C77: 4850 | D77: 4880 | E77: 4750 | F77: 4830 | G77: 89058400 | H77: =(F77-F76)/F76 -> 0 | I77: =(F77-$F$2)/$F$2 -> -0.10139535
A78: =IFERROR(__xludf.DUMMYFUNCTION("""COMPUTED_VALUE"""),45418.6666666666) -> 45418.667 | C78: 4880 | D78: 4890 | E78: 4800 | F78: 4810 | G78: 81862000 | H78: =(F78-F77)/F77 -> -0.0041407867 | I78: =(F78-$F$2)/$F$2 -> -0.10511628
A79: =IFERROR(__xludf.DUMMYFUNCTION("""COMPUTED_VALUE"""),45419.6666666666) -> 45419.667 | C79: 4790 | D79: 4810 | E79: 4680 | F79: 4700 | G79: 82580800 | H79: =(F79-F78)/F78 -> -0.022869023 | I79: =(F79-$F$2)/$F$2 -> -0.1255814
A80: =IFERROR(__xludf.DUMMYFUNCTION("""COMPUTED_VALUE"""),45420.6666666666) -> 45420.667 | C80: 4680 | D80: 4770 | E80: 4620 | F80: 4670 | G80: 58548300 | H80: =(F80-F79)/F79 -> -0.0063829787 | I80: =(F80-$F$2)/$F$2 -> -0.13116279
A81: =IFERROR(__xludf.DUMMYFUNCTION("""COMPUTED_VALUE"""),45425.6666666666) -> 45425.667 | C81: 4600 | D81: 4780 | E81: 4600 | F81: 4780 | G81: 54329600 | H81: =(F81-F80)/F80 -> 0.023554604 | I81: =(F81-$F$2)/$F$2 -> -0.11069767
A82: =IFERROR(__xludf.DUMMYFUNCTION("""COMPUTED_VALUE"""),45426.6666666666) -> 45426.667 | C82: 4790 | D82: 4940 | E82: 4780 | F82: 4930 | G82: 70014900 | H82: =(F82-F81)/F81 -> 0.031380753 | I82: =(F82-$F$2)/$F$2 -> -0.082790698
A83: =IFERROR(__xludf.DUMMYFUNCTION("""COMPUTED_VALUE"""),45427.6666666666) -> 45427.667 | C83: 4880 | D83: 5100 | E83: 4850 | F83: 5025 | G83: 85730700 | H83: =(F83-F82)/F82 -> 0.019269777 | I83: =(F83-$F$2)/$F$2 -> -0.065116279
A84: =IFERROR(__xludf.DUMMYFUNCTION("""COMPUTED_VALUE"""),45428.6666666666) -> 45428.667 | C84: 5125 | D84: 5275 | E84: 5100 | F84: 5200 | G84: 118382400 | H84: =(F84-F83)/F83 -> 0.034825871 | I84: =(F84-$F$2)/$F$2 -> -0.03255814
A85: =IFERROR(__xludf.DUMMYFUNCTION("""COMPUTED_VALUE"""),45429.6666666666) -> 45429.667 | C85: 5200 | D85: 5275 | E85: 5125 | F85: 5175 | G85: 67679700 | H85: =(F85-F84)/F84 -> -0.0048076923 | I85: =(F85-$F$2)/$F$2 -> -0.037209302
A86: =IFERROR(__xludf.DUMMYFUNCTION("""COMPUTED_VALUE"""),45432.6666666666) -> 45432.667 | C86: 5200 | D86: 5250 | E86: 4950 | F86: 4980 | G86: 76605300 | H86: =(F86-F85)/F85 -> -0.037681159 | I86: =(F86-$F$2)/$F$2 -> -0.073488372
A87: =IFERROR(__xludf.DUMMYFUNCTION("""COMPUTED_VALUE"""),45433.6666666666) -> 45433.667 | C87: 4980 | D87: 4980 | E87: 4760 | F87: 4770 | G87: 87501700 | H87: =(F87-F86)/F86 -> -0.042168675 | I87: =(F87-$F$2)/$F$2 -> -0.11255814
A88: =IFERROR(__xludf.DUMMYFUNCTION("""COMPUTED_VALUE"""),45434.6666666666) -> 45434.667 | C88: 4720 | D88: 4800 | E88: 4720 | F88: 4760 | G88: 60859500 | H88: =(F88-F87)/F87 -> -0.0020964361 | I88: =(F88-$F$2)/$F$2 -> -0.1144186
A89: =IFERROR(__xludf.DUMMYFUNCTION("""COMPUTED_VALUE"""),45439.6666666666) -> 45439.667 | C89: 4770 | D89: 4790 | E89: 4630 | F89: 4670 | G89: 60499200 | H89: =(F89-F88)/F88 -> -0.018907563 | I89: =(F89-$F$2)/$F$2 -> -0.13116279
A90: =IFERROR(__xludf.DUMMYFUNCTION("""COMPUTED_VALUE"""),45440.6666666666) -> 45440.667 | C90: 4700 | D90: 4790 | E90: 4690 | F90: 4710 | G90: 25799600 | H90: =(F90-F89)/F89 -> 0.0085653105 | I90: =(F90-$F$2)/$F$2 -> -0.12372093
A91: =IFERROR(__xludf.DUMMYFUNCTION("""COMPUTED_VALUE"""),45441.6666666666) -> 45441.667 | C91: 4680 | D91: 4690 | E91: 4500 | F91: 4530 | G91: 111830200 | H91: =(F91-F90)/F90 -> -0.038216561 | I91: =(F91-$F$2)/$F$2 -> -0.1572093
A92: =IFERROR(__xludf.DUMMYFUNCTION("""COMPUTED_VALUE"""),45442.6666666666) -> 45442.667 | C92: 4500 | D92: 4560 | E92: 4370 | F92: 4490 | G92: 81608700 | H92: =(F92-F91)/F91 -> -0.0088300221 | I92: =(F92-$F$2)/$F$2 -> -0.16465116
A93: =IFERROR(__xludf.DUMMYFUNCTION("""COMPUTED_VALUE"""),45443.6666666666) -> 45443.667 | C93: 4540 | D93: 4570 | E93: 4400 | F93: 4400 | G93: 145978300 | H93: =(F93-F92)/F92 -> -0.020044543 | I93: =(F93-$F$2)/$F$2 -> -0.18139535
A94: =IFERROR(__xludf.DUMMYFUNCTION("""COMPUTED_VALUE"""),45446.6666666666) -> 45446.667 | C94: 4460 | D94: 4640 | E94: 4450 | F94: 4620 | G94: 53865700 | H94: =(F94-F93)/F93 -> 0.05 | I94: =(F94-$F$2)/$F$2 -> -0.14046512
A95: =IFERROR(__xludf.DUMMYFUNCTION("""COMPUTED_VALUE"""),45447.6666666666) -> 45447.667 | C95: 4650 | D95: 4700 | E95: 4600 | F95: 4640 | G95: 52885400 | H95: =(F95-F94)/F94 -> 0.0043290043 | I95: =(F95-$F$2)/$F$2 -> -0.13674419
A96: =IFERROR(__xludf.DUMMYFUNCTION("""COMPUTED_VALUE"""),45448.6666666666) -> 45448.667 | C96: 4630 | D96: 4660 | E96: 4580 | F96: 4610 | G96: 46536400 | H96: =(F96-F95)/F95 -> -0.0064655172 | I96: =(F96-$F$2)/$F$2 -> -0.14232558
A97: =IFERROR(__xludf.DUMMYFUNCTION("""COMPUTED_VALUE"""),45449.6666666666) -> 45449.667 | C97: 4670 | D97: 4770 | E97: 4630 | F97: 4770 | G97: 69154900 | H97: =(F97-F96)/F96 -> 0.034707158 | I97: =(F97-$F$2)/$F$2 -> -0.11255814
A98: =IFERROR(__xludf.DUMMYFUNCTION("""COMPUTED_VALUE"""),45450.6666666666) -> 45450.667 | C98: 4770 | D98: 4780 | E98: 4660 | F98: 4700 | G98: 45575300 | H98: =(F98-F97)/F97 -> -0.014675052 | I98: =(F98-$F$2)/$F$2 -> -0.1255814
A99: =IFERROR(__xludf.DUMMYFUNCTION("""COMPUTED_VALUE"""),45453.6666666666) -> 45453.667 | C99: 4650 | D99: 4660 | E99: 4550 | F99: 4610 | G99: 65704900 | H99: =(F99-F98)/F98 -> -0.019148936 | I99: =(F99-$F$2)/$F$2 -> -0.14232558
A100: =IFERROR(__xludf.DUMMYFUNCTION("""COMPUTED_VALUE"""),45454.6666666666) -> 45454.667 | C100: 4560 | D100: 4630 | E100: 4480 | F100: 4480 | G100: 95286400 | H100: =(F100-F99)/F99 -> -0.028199566 | I100: =(F100-$F$2)/$F$2 -> -0.16651163
...

Sheet Kurs USD ke IDR
A1: Date | C1: Close
A2: =IFERROR(__xludf.DUMMYFUNCTION("""COMPUTED_VALUE"""),45292.9986111111) -> 45292.999 | C2: 15383
A3: =IFERROR(__xludf.DUMMYFUNCTION("""COMPUTED_VALUE"""),45293.9986111111) -> 45293.999 | C3: 15498
A4: =IFERROR(__xludf.DUMMYFUNCTION("""COMPUTED_VALUE"""),45294.9986111111) -> 45294.999 | C4: 15555
A5: =IFERROR(__xludf.DUMMYFUNCTION("""COMPUTED_VALUE"""),45295.9986111111) -> 45295.999 | C5: 15511
A6: =IFERROR(__xludf.DUMMYFUNCTION("""COMPUTED_VALUE"""),45296.9986111111) -> 45296.999 | C6: 15477.5
A7: =IFERROR(__xludf.DUMMYFUNCTION("""COMPUTED_VALUE"""),45297.9986111111) -> 45297.999 | C7: 15477.5
A8: =IFERROR(__xludf.DUMMYFUNCTION("""COMPUTED_VALUE"""),45298.9986111111) -> 45298.999 | C8: 15477.5
A9: =IFERROR(__xludf.DUMMYFUNCTION("""COMPUTED_VALUE"""),45299.9986111111) -> 45299.999 | C9: 15495.5
A10: =IFERROR(__xludf.DUMMYFUNCTION("""COMPUTED_VALUE"""),45300.9986111111) -> 45300.999 | C10: 15534.5
A11: =IFERROR(__xludf.DUMMYFUNCTION("""COMPUTED_VALUE"""),45301.9986111111) -> 45301.999 | C11: 15555
A12: =IFERROR(__xludf.DUMMYFUNCTION("""COMPUTED_VALUE"""),45302.9986111111) -> 45302.999 | C12: 15556.5
A13: =IFERROR(__xludf.DUMMYFUNCTION("""COMPUTED_VALUE"""),45303.9986111111) -> 45303.999 | C13: 15503.2
A14: =IFERROR(__xludf.DUMMYFUNCTION("""COMPUTED_VALUE"""),45304.9986111111) -> 45304.999 | C14: 15503.2
A15: =IFERROR(__xludf.DUMMYFUNCTION("""COMPUTED_VALUE"""),45305.9986111111) -> 45305.999 | C15: 15503.2
A16: =IFERROR(__xludf.DUMMYFUNCTION("""COMPUTED_VALUE"""),45306.9986111111) -> 45306.999 | C16: 15546
A17: =IFERROR(__xludf.DUMMYFUNCTION("""COMPUTED_VALUE"""),45307.9986111111) -> 45307.999 | C17: 15625
A18: =IFERROR(__xludf.DUMMYFUNCTION("""COMPUTED_VALUE"""),45308.9986111111) -> 45308.999 | C18: 15624
A19: =IFERROR(__xludf.DUMMYFUNCTION("""COMPUTED_VALUE"""),45309.9986111111) -> 45309.999 | C19: 15613.1
A20: =IFERROR(__xludf.DUMMYFUNCTION("""COMPUTED_VALUE"""),45310.9986111111) -> 45310.999 | C20: 15601
A21: =IFERROR(__xludf.DUMMYFUNCTION("""COMPUTED_VALUE"""),45311.9986111111) -> 45311.999 | C21: 15601
A22: =IFERROR(__xludf.DUMMYFUNCTION("""COMPUTED_VALUE"""),45312.9986111111) -> 45312.999 | C22: 15601
A23: =IFERROR(__xludf.DUMMYFUNCTION("""COMPUTED_VALUE"""),45313.9986111111) -> 45313.999 | C23: 15655.5
A24: =IFERROR(__xludf.DUMMYFUNCTION("""COMPUTED_VALUE"""),45314.9986111111) -> 45314.999 | C24: 15715
A25: =IFERROR(__xludf.DUMMYFUNCTION("""COMPUTED_VALUE"""),45315.9986111111) -> 45315.999 | C25: 15714.5
A26: =IFERROR(__xludf.DUMMYFUNCTION("""COMPUTED_VALUE"""),45316.9986111111) -> 45316.999 | C26: 15808
A27: =IFERROR(__xludf.DUMMYFUNCTION("""COMPUTED_VALUE"""),45317.9986111111) -> 45317.999 | C27: 15767.6
A28: =IFERROR(__xludf.DUMMYFUNCTION("""COMPUTED_VALUE"""),45318.9986111111) -> 45318.999 | C28: 15767.6
A29: =IFERROR(__xludf.DUMMYFUNCTION("""COMPUTED_VALUE"""),45319.9986111111) -> 45319.999 | C29: 15767.6
A30: =IFERROR(__xludf.DUMMYFUNCTION("""COMPUTED_VALUE"""),45320.9986111111) -> 45320.999 | C30: 15828
A31: =IFERROR(__xludf.DUMMYFUNCTION("""COMPUTED_VALUE"""),45321.9986111111) -> 45321.999 | C31: 15785
A32: =IFERROR(__xludf.DUMMYFUNCTION("""COMPUTED_VALUE"""),45322.9986111111) -> 45322.999 | C32: 15769
A33: =IFERROR(__xludf.DUMMYFUNCTION("""COMPUTED_VALUE"""),45323.9986111111) -> 45323.999 | C33: 15726
A34: =IFERROR(__xludf.DUMMYFUNCTION("""COMPUTED_VALUE"""),45324.9986111111) -> 45324.999 | C34: 15727.2
A35: =IFERROR(__xludf.DUMMYFUNCTION("""COMPUTED_VALUE"""),45325.9986111111) -> 45325.999 | C35: 15727.2
A36: =IFERROR(__xludf.DUMMYFUNCTION("""COMPUTED_VALUE"""),45326.9986111111) -> 45326.999 | C36: 15727.2
A37: =IFERROR(__xludf.DUMMYFUNCTION("""COMPUTED_VALUE"""),45327.9986111111) -> 45327.999 | C37: 15711.5
A38: =IFERROR(__xludf.DUMMYFUNCTION("""COMPUTED_VALUE"""),45328.9986111111) -> 45328.999 | C38: 15733
A39: =IFERROR(__xludf.DUMMYFUNCTION("""COMPUTED_VALUE"""),45329.9986111111) -> 45329.999 | C39: 15647
A40: =IFERROR(__xludf.DUMMYFUNCTION("""COMPUTED_VALUE"""),45330.9986111111) -> 45330.999 | C40: 15660.3
A41: =IFERROR(__xludf.DUMMYFUNCTION("""COMPUTED_VALUE"""),45331.9986111111) -> 45331.999 | C41: 15598
A42: =IFERROR(__xludf.DUMMYFUNCTION("""COMPUTED_VALUE"""),45332.9986111111) -> 45332.999 | C42: 15598
A43: =IFERROR(__xludf.DUMMYFUNCTION("""COMPUTED_VALUE"""),45333.9986111111) -> 45333.999 | C43: 15598
A44: =IFERROR(__xludf.DUMMYFUNCTION("""COMPUTED_VALUE"""),45334.9986111111) -> 45334.999 | C44: 15579.5
A45: =IFERROR(__xludf.DUMMYFUNCTION("""COMPUTED_VALUE"""),45335.9986111111) -> 45335.999 | C45: 15661.5
A46: =IFERROR(__xludf.DUMMYFUNCTION("""COMPUTED_VALUE"""),45336.9986111111) -> 45336.999 | C46: 15553.1
A47: =IFERROR(__xludf.DUMMYFUNCTION("""COMPUTED_VALUE"""),45337.9986111111) -> 45337.999 | C47: 15672
A48: =IFERROR(__xludf.DUMMYFUNCTION("""COMPUTED_VALUE"""),45338.9986111111) -> 45338.999 | C48: 15628.6
A49: =IFERROR(__xludf.DUMMYFUNCTION("""COMPUTED_VALUE"""),45339.9986111111) -> 45339.999 | C49: 15628.6
A50: =IFERROR(__xludf.DUMMYFUNCTION("""COMPUTED_VALUE"""),45340.9986111111) -> 45340.999 | C50: 15628.6
A51: =IFERROR(__xludf.DUMMYFUNCTION("""COMPUTED_VALUE"""),45341.9986111111) -> 45341.999 | C51: 15634
A52: =IFERROR(__xludf.DUMMYFUNCTION("""COMPUTED_VALUE"""),45342.9986111111) -> 45342.999 | C52: 15661
A53: =IFERROR(__xludf.DUMMYFUNCTION("""COMPUTED_VALUE"""),45343.9986111111) -> 45343.999 | C53: 15642
A54: =IFERROR(__xludf.DUMMYFUNCTION("""COMPUTED_VALUE"""),45344.9986111111) -> 45344.999 | C54: 15588
A55: =IFERROR(__xludf.DUMMYFUNCTION("""COMPUTED_VALUE"""),45345.9986111111) -> 45345.999 | C55: 15586.1
A56: =IFERROR(__xludf.DUMMYFUNCTION("""COMPUTED_VALUE"""),45346.9986111111) -> 45346.999 | C56: 15586.1
A57: =IFERROR(__xludf.DUMMYFUNCTION("""COMPUTED_VALUE"""),45347.9986111111) -> 45347.999 | C57: 15586.1
A58: =IFERROR(__xludf.DUMMYFUNCTION("""COMPUTED_VALUE"""),45348.9986111111) -> 45348.999 | C58: 15638.5
A59: =IFERROR(__xludf.DUMMYFUNCTION("""COMPUTED_VALUE"""),45349.9986111111) -> 45349.999 | C59: 15653
A60: =IFERROR(__xludf.DUMMYFUNCTION("""COMPUTED_VALUE"""),45350.9986111111) -> 45350.999 | C60: 15712.2
A61: =IFERROR(__xludf.DUMMYFUNCTION("""COMPUTED_VALUE"""),45351.9986111111) -> 45351.999 | C61: 15704
A62: =IFERROR(__xludf.DUMMYFUNCTION("""COMPUTED_VALUE"""),45352.9986111111) -> 45352.999 | C62: 15691.9
A63: =IFERROR(__xludf.DUMMYFUNCTION("""COMPUTED_VALUE"""),45353.9986111111) -> 45353.999 | C63: 15691.9
A64: =IFERROR(__xludf.DUMMYFUNCTION("""COMPUTED_VALUE"""),45354.9986111111) -> 45354.999 | C64: 15691.9
A65: =IFERROR(__xludf.DUMMYFUNCTION("""COMPUTED_VALUE"""),45355.9986111111) -> 45355.999 | C65: 15766
A66: =IFERROR(__xludf.DUMMYFUNCTION("""COMPUTED_VALUE"""),45356.9986111111) -> 45356.999 | C66: 15751.5
A67: =IFERROR(__xludf.DUMMYFUNCTION("""COMPUTED_VALUE"""),45357.9986111111) -> 45357.999 | C67: 15668
A68: =IFERROR(__xludf.DUMMYFUNCTION("""COMPUTED_VALUE"""),45358.9986111111) -> 45358.999 | C68: 15621
A69: =IFERROR(__xludf.DUMMYFUNCTION("""COMPUTED_VALUE"""),45359.9986111111) -> 45359.999 | C69: 15536.3
A70: =IFERROR(__xludf.DUMMYFUNCTION("""COMPUTED_VALUE"""),45360.9986111111) -> 45360.999 | C70: 15536.3
A71: =IFERROR(__xludf.DUMMYFUNCTION("""COMPUTED_VALUE"""),45361.9986111111) -> 45361.999 | C71: 15536.3
A72: =IFERROR(__xludf.DUMMYFUNCTION("""COMPUTED_VALUE"""),45362.9986111111) -> 45362.999 | C72: 15518
A73: =IFERROR(__xludf.DUMMYFUNCTION("""COMPUTED_VALUE"""),45363.9986111111) -> 45363.999 | C73: 15546
A74: =IFERROR(__xludf.DUMMYFUNCTION("""COMPUTED_VALUE"""),45364.9986111111) -> 45364.999 | C74: 15574
A75: =IFERROR(__xludf.DUMMYFUNCTION("""COMPUTED_VALUE"""),45365.9986111111) -> 45365.999 | C75: 15630
A76: =IFERROR(__xludf.DUMMYFUNCTION("""COMPUTED_VALUE"""),45366.9986111111) -> 45366.999 | C76: 15639.3
A77: =IFERROR(__xludf.DUMMYFUNCTION("""COMPUTED_VALUE"""),45367.9986111111) -> 45367.999 | C77: 15639.3
A78: =IFERROR(__xludf.DUMMYFUNCTION("""COMPUTED_VALUE"""),45368.9986111111) -> 45368.999 | C78: 15639.3
A79: =IFERROR(__xludf.DUMMYFUNCTION("""COMPUTED_VALUE"""),45369.9986111111) -> 45369.999 | C79: 15743
A80: =IFERROR(__xludf.DUMMYFUNCTION("""COMPUTED_VALUE"""),45370.9986111111) -> 45370.999 | C80: 15718
A81: =IFERROR(__xludf.DUMMYFUNCTION("""COMPUTED_VALUE"""),45371.9986111111) -> 45371.999 | C81: 15687
A82: =IFERROR(__xludf.DUMMYFUNCTION("""COMPUTED_VALUE"""),45372.9986111111) -> 45372.999 | C82: 15723.5
A83: =IFERROR(__xludf.DUMMYFUNCTION("""COMPUTED_VALUE"""),45373.9986111111) -> 45373.999 | C83: 15802.6
A84: =IFERROR(__xludf.DUMMYFUNCTION("""COMPUTED_VALUE"""),45374.9986111111) -> 45374.999 | C84: 15802.6
A85: =IFERROR(__xludf.DUMMYFUNCTION("""COMPUTED_VALUE"""),45375.9986111111) -> 45375.999 | C85: 15802.6
A86: =IFERROR(__xludf.DUMMYFUNCTION("""COMPUTED_VALUE"""),45376.9986111111) -> 45376.999 | C86: 15784
A87: =IFERROR(__xludf.DUMMYFUNCTION("""COMPUTED_VALUE"""),45377.9986111111) -> 45377.999 | C87: 15828
A88: =IFERROR(__xludf.DUMMYFUNCTION("""COMPUTED_VALUE"""),45378.9986111111) -> 45378.999 | C88: 15877
A89: =IFERROR(__xludf.DUMMYFUNCTION("""COMPUTED_VALUE"""),45379.9986111111) -> 45379.999 | C89: 15877
A90: =IFERROR(__xludf.DUMMYFUNCTION("""COMPUTED_VALUE"""),45380.9986111111) -> 45380.999 | C90: 15873.1
A91: =IFERROR(__xludf.DUMMYFUNCTION("""COMPUTED_VALUE"""),45381.9986111111) -> 45381.999 | C91: 15873.1
A92: =IFERROR(__xludf.DUMMYFUNCTION("""COMPUTED_VALUE"""),45382.9986111111) -> 45382.999 | C92: 15848
A93: =IFERROR(__xludf.DUMMYFUNCTION("""COMPUTED_VALUE"""),45383.9986111111) -> 45383.999 | C93: 15945.8
A94: =IFERROR(__xludf.DUMMYFUNCTION("""COMPUTED_VALUE"""),45384.9986111111) -> 45384.999 | C94: 15955
A95: =IFERROR(__xludf.DUMMYFUNCTION("""COMPUTED_VALUE"""),45385.9986111111) -> 45385.999 | C95: 15936
A96: =IFERROR(__xludf.DUMMYFUNCTION("""COMPUTED_VALUE"""),45386.9986111111) -> 45386.999 | C96: 15904.5
A97: =IFERROR(__xludf.DUMMYFUNCTION("""COMPUTED_VALUE"""),45387.9986111111) -> 45387.999 | C97: 15882.5
A98: =IFERROR(__xludf.DUMMYFUNCTION("""COMPUTED_VALUE"""),45388.9986111111) -> 45388.999 | C98: 15882.5
A99: =IFERROR(__xludf.DUMMYFUNCTION("""COMPUTED_VALUE"""),45389.9986111111) -> 45389.999 | C99: 15881
A100: =IFERROR(__xludf.DUMMYFUNCTION("""COMPUTED_VALUE"""),45390.9986111111) -> 45390.999 | C100: 15918
...

Sheet IHSG
A1: Date | B1: Close
A2: =IFERROR(__xludf.DUMMYFUNCTION("""COMPUTED_VALUE"""),45293.6666666666) -> 45293.667 | B2: 7323.59
A3: =IFERROR(__xludf.DUMMYFUNCTION("""COMPUTED_VALUE"""),45294.6666666666) -> 45294.667 | B3: 7279.09
A4: =IFERROR(__xludf.DUMMYFUNCTION("""COMPUTED_VALUE"""),45295.6666666666) -> 45295.667 | B4: 7359.76
A5: =IFERROR(__xludf.DUMMYFUNCTION("""COMPUTED_VALUE"""),45296.6666666666) -> 45296.667 | B5: 7350.62
A6: =IFERROR(__xludf.DUMMYFUNCTION("""COMPUTED_VALUE"""),45299.6666666666) -> 45299.667 | B6: 7283.58
A7: =IFERROR(__xludf.DUMMYFUNCTION("""COMPUTED_VALUE"""),45300.6666666666) -> 45300.667 | B7: 7200.2
A8: =IFERROR(__xludf.DUMMYFUNCTION("""COMPUTED_VALUE"""),45301.6666666666) -> 45301.667 | B8: 7227.3
A9: =IFERROR(__xludf.DUMMYFUNCTION("""COMPUTED_VALUE"""),45302.6666666666) -> 45302.667 | B9: 7219.96
A10: =IFERROR(__xludf.DUMMYFUNCTION("""COMPUTED_VALUE"""),45303.6666666666) -> 45303.667 | B10: 7241.14
A11: =IFERROR(__xludf.DUMMYFUNCTION("""COMPUTED_VALUE"""),45306.6666666666) -> 45306.667 | B11: 7224
A12: =IFERROR(__xludf.DUMMYFUNCTION("""COMPUTED_VALUE"""),45307.6666666666) -> 45307.667 | B12: 7242.79
A13: =IFERROR(__xludf.DUMMYFUNCTION("""COMPUTED_VALUE"""),45308.6666666666) -> 45308.667 | B13: 7200.64
A14: =IFERROR(__xludf.DUMMYFUNCTION("""COMPUTED_VALUE"""),45309.6666666666) -> 45309.667 | B14: 7252.97
A15: =IFERROR(__xludf.DUMMYFUNCTION("""COMPUTED_VALUE"""),45310.6666666666) -> 45310.667 | B15: 7227.4
A16: =IFERROR(__xludf.DUMMYFUNCTION("""COMPUTED_VALUE"""),45313.6666666666) -> 45313.667 | B16: 7247.93
A17: =IFERROR(__xludf.DUMMYFUNCTION("""COMPUTED_VALUE"""),45314.6666666666) -> 45314.667 | B17: 7256.23
A18: =IFERROR(__xludf.DUMMYFUNCTION("""COMPUTED_VALUE"""),45315.6666666666) -> 45315.667 | B18: 7227.82
A19: =IFERROR(__xludf.DUMMYFUNCTION("""COMPUTED_VALUE"""),45316.6666666666) -> 45316.667 | B19: 7178.04
A20: =IFERROR(__xludf.DUMMYFUNCTION("""COMPUTED_VALUE"""),45317.6666666666) -> 45317.667 | B20: 7137.09
A21: =IFERROR(__xludf.DUMMYFUNCTION("""COMPUTED_VALUE"""),45320.6666666666) -> 45320.667 | B21: 7157.18
A22: =IFERROR(__xludf.DUMMYFUNCTION("""COMPUTED_VALUE"""),45321.6666666666) -> 45321.667 | B22: 7192.22
A23: =IFERROR(__xludf.DUMMYFUNCTION("""COMPUTED_VALUE"""),45322.6666666666) -> 45322.667 | B23: 7207.94
A24: =IFERROR(__xludf.DUMMYFUNCTION("""COMPUTED_VALUE"""),45323.6666666666) -> 45323.667 | B24: 7201.7
A25: =IFERROR(__xludf.DUMMYFUNCTION("""COMPUTED_VALUE"""),45324.6666666666) -> 45324.667 | B25: 7238.79
A26: =IFERROR(__xludf.DUMMYFUNCTION("""COMPUTED_VALUE"""),45327.6666666666) -> 45327.667 | B26: 7198.62
A27: =IFERROR(__xludf.DUMMYFUNCTION("""COMPUTED_VALUE"""),45328.6666666666) -> 45328.667 | B27: 7247.41
A28: =IFERROR(__xludf.DUMMYFUNCTION("""COMPUTED_VALUE"""),45329.6666666666) -> 45329.667 | B28: 7235.15
A29: =IFERROR(__xludf.DUMMYFUNCTION("""COMPUTED_VALUE"""),45334.6666666666) -> 45334.667 | B29: 7297.67
A30: =IFERROR(__xludf.DUMMYFUNCTION("""COMPUTED_VALUE"""),45335.6666666666) -> 45335.667 | B30: 7209.74
A31: =IFERROR(__xludf.DUMMYFUNCTION("""COMPUTED_VALUE"""),45337.6666666666) -> 45337.667 | B31: 7303.28
A32: =IFERROR(__xludf.DUMMYFUNCTION("""COMPUTED_VALUE"""),45338.6666666666) -> 45338.667 | B32: 7335.55
A33: =IFERROR(__xludf.DUMMYFUNCTION("""COMPUTED_VALUE"""),45341.6666666666) -> 45341.667 | B33: 7296.7
A34: =IFERROR(__xludf.DUMMYFUNCTION("""COMPUTED_VALUE"""),45342.6666666666) -> 45342.667 | B34: 7352.6
A35: =IFERROR(__xludf.DUMMYFUNCTION("""COMPUTED_VALUE"""),45343.6666666666) -> 45343.667 | B35: 7349.02
A36: =IFERROR(__xludf.DUMMYFUNCTION("""COMPUTED_VALUE"""),45344.6666666666) -> 45344.667 | B36: 7339.64
A37: =IFERROR(__xludf.DUMMYFUNCTION("""COMPUTED_VALUE"""),45345.6666666666) -> 45345.667 | B37: 7295.1
A38: =IFERROR(__xludf.DUMMYFUNCTION("""COMPUTED_VALUE"""),45348.6666666666) -> 45348.667 | B38: 7283.82
A39: =IFERROR(__xludf.DUMMYFUNCTION("""COMPUTED_VALUE"""),45349.6666666666) -> 45349.667 | B39: 7285.32
A40: =IFERROR(__xludf.DUMMYFUNCTION("""COMPUTED_VALUE"""),45350.6666666666) -> 45350.667 | B40: 7328.64
A41: =IFERROR(__xludf.DUMMYFUNCTION("""COMPUTED_VALUE"""),45351.6666666666) -> 45351.667 | B41: 7316.11
A42: =IFERROR(__xludf.DUMMYFUNCTION("""COMPUTED_VALUE"""),45352.6666666666) -> 45352.667 | B42: 7311.91
A43: =IFERROR(__xludf.DUMMYFUNCTION("""COMPUTED_VALUE"""),45355.6666666666) -> 45355.667 | B43: 7276.75
A44: =IFERROR(__xludf.DUMMYFUNCTION("""COMPUTED_VALUE"""),45356.6666666666) -> 45356.667 | B44: 7247.46
A45: =IFERROR(__xludf.DUMMYFUNCTION("""COMPUTED_VALUE"""),45357.6666666666) -> 45357.667 | B45: 7329.8
A46: =IFERROR(__xludf.DUMMYFUNCTION("""COMPUTED_VALUE"""),45358.6666666666) -> 45358.667 | B46: 7373.96
A47: =IFERROR(__xludf.DUMMYFUNCTION("""COMPUTED_VALUE"""),45359.6666666666) -> 45359.667 | B47: 7381.91
A48: =IFERROR(__xludf.DUMMYFUNCTION("""COMPUTED_VALUE"""),45364.6666666666) -> 45364.667 | B48: 7421.21
A49: =IFERROR(__xludf.DUMMYFUNCTION("""COMPUTED_VALUE"""),45365.6666666666) -> 45365.667 | B49: 7433.32
A50: =IFERROR(__xludf.DUMMYFUNCTION("""COMPUTED_VALUE"""),45366.6666666666) -> 45366.667 | B50: 7328.05
A51: =IFERROR(__xludf.DUMMYFUNCTION("""COMPUTED_VALUE"""),45369.6666666666) -> 45369.667 | B51: 7302.45
A52: =IFERROR(__xludf.DUMMYFUNCTION("""COMPUTED_VALUE"""),45370.6666666666) -> 45370.667 | B52: 7336.75
A53: =IFERROR(__xludf.DUMMYFUNCTION("""COMPUTED_VALUE"""),45371.6666666666) -> 45371.667 | B53: 7331.13
A54: =IFERROR(__xludf.DUMMYFUNCTION("""COMPUTED_VALUE"""),45372.6666666666) -> 45372.667 | B54: 7338.35
A55: =IFERROR(__xludf.DUMMYFUNCTION("""COMPUTED_VALUE"""),45373.6666666666) -> 45373.667 | B55: 7350.15
A56: =IFERROR(__xludf.DUMMYFUNCTION("""COMPUTED_VALUE"""),45378.6666666666) -> 45378.667 | B56: 7310.09
A57: =IFERROR(__xludf.DUMMYFUNCTION("""COMPUTED_VALUE"""),45379.6666666666) -> 45379.667 | B57: 7288.81
A58: =IFERROR(__xludf.DUMMYFUNCTION("""COMPUTED_VALUE"""),45383.6666666666) -> 45383.667 | B58: 7205.06
A59: =IFERROR(__xludf.DUMMYFUNCTION("""COMPUTED_VALUE"""),45384.6666666666) -> 45384.667 | B59: 7236.98
A60: =IFERROR(__xludf.DUMMYFUNCTION("""COMPUTED_VALUE"""),45385.6666666666) -> 45385.667 | B60: 7166.84
A61: =IFERROR(__xludf.DUMMYFUNCTION("""COMPUTED_VALUE"""),45386.6666666666) -> 45386.667 | B61: 7254.4
A62: =IFERROR(__xludf.DUMMYFUNCTION("""COMPUTED_VALUE"""),45387.6666666666) -> 45387.667 | B62: 7286.88
A63: =IFERROR(__xludf.DUMMYFUNCTION("""COMPUTED_VALUE"""),45398.6666666666) -> 45398.667 | B63: 7164.81
A64: =IFERROR(__xludf.DUMMYFUNCTION("""COMPUTED_VALUE"""),45399.6666666666) -> 45399.667 | B64: 7130.84
A65: =IFERROR(__xludf.DUMMYFUNCTION("""COMPUTED_VALUE"""),45400.6666666666) -> 45400.667 | B65: 7166.81
A66: =IFERROR(__xludf.DUMMYFUNCTION("""COMPUTED_VALUE"""),45401.6666666666) -> 45401.667 | B66: 7087.32
A67: =IFERROR(__xludf.DUMMYFUNCTION("""COMPUTED_VALUE"""),45404.6666666666) -> 45404.667 | B67: 7073.82
A68: =IFERROR(__xludf.DUMMYFUNCTION("""COMPUTED_VALUE"""),45405.6666666666) -> 45405.667 | B68: 7110.81
A69: =IFERROR(__xludf.DUMMYFUNCTION("""COMPUTED_VALUE"""),45406.6666666666) -> 45406.667 | B69: 7174.53
A70: =IFERROR(__xludf.DUMMYFUNCTION("""COMPUTED_VALUE"""),45407.6666666666) -> 45407.667 | B70: 7155.29
A71: =IFERROR(__xludf.DUMMYFUNCTION("""COMPUTED_VALUE"""),45408.6666666666) -> 45408.667 | B71: 7036.08
A72: =IFERROR(__xludf.DUMMYFUNCTION("""COMPUTED_VALUE"""),45411.6666666666) -> 45411.667 | B72: 7155.78
A73: =IFERROR(__xludf.DUMMYFUNCTION("""COMPUTED_VALUE"""),45412.6666666666) -> 45412.667 | B73: 7234.2
A74: =IFERROR(__xludf.DUMMYFUNCTION("""COMPUTED_VALUE"""),45414.6666666666) -> 45414.667 | B74: 7117.43
A75: =IFERROR(__xludf.DUMMYFUNCTION("""COMPUTED_VALUE"""),45415.6666666666) -> 45415.667 | B75: 7134.72
A76: =IFERROR(__xludf.DUMMYFUNCTION("""COMPUTED_VALUE"""),45418.6666666666) -> 45418.667 | B76: 7135.89
A77: =IFERROR(__xludf.DUMMYFUNCTION("""COMPUTED_VALUE"""),45419.6666666666) -> 45419.667 | B77: 7123.61
A78: =IFERROR(__xludf.DUMMYFUNCTION("""COMPUTED_VALUE"""),45420.6666666666) -> 45420.667 | B78: 7088.8
A79: =IFERROR(__xludf.DUMMYFUNCTION("""COMPUTED_VALUE"""),45425.6666666666) -> 45425.667 | B79: 7099.26
A80: =IFERROR(__xludf.DUMMYFUNCTION("""COMPUTED_VALUE"""),45426.6666666666) -> 45426.667 | B80: 7083.76
A81: =IFERROR(__xludf.DUMMYFUNCTION("""COMPUTED_VALUE"""),45427.6666666666) -> 45427.667 | B81: 7179.83
A82: =IFERROR(__xludf.DUMMYFUNCTION("""COMPUTED_VALUE"""),45428.6666666666) -> 45428.667 | B82: 7246.7
A83: =IFERROR(__xludf.DUMMYFUNCTION("""COMPUTED_VALUE"""),45429.6666666666) -> 45429.667 | B83: 7317.24
A84: =IFERROR(__xludf.DUMMYFUNCTION("""COMPUTED_VALUE"""),45432.6666666666) -> 45432.667 | B84: 7266.69
A85: =IFERROR(__xludf.DUMMYFUNCTION("""COMPUTED_VALUE"""),45433.6666666666) -> 45433.667 | B85: 7186.04
A86: =IFERROR(__xludf.DUMMYFUNCTION("""COMPUTED_VALUE"""),45434.6666666666) -> 45434.667 | B86: 7222.38
A87: =IFERROR(__xludf.DUMMYFUNCTION("""COMPUTED_VALUE"""),45439.6666666666) -> 45439.667 | B87: 7176.42
A88: =IFERROR(__xludf.DUMMYFUNCTION("""COMPUTED_VALUE"""),45440.6666666666) -> 45440.667 | B88: 7253.63
A89: =IFERROR(__xludf.DUMMYFUNCTION("""COMPUTED_VALUE"""),45441.6666666666) -> 45441.667 | B89: 7140.23
A90: =IFERROR(__xludf.DUMMYFUNCTION("""COMPUTED_VALUE"""),45442.6666666666) -> 45442.667 | B90: 7034.14
A91: =IFERROR(__xludf.DUMMYFUNCTION("""COMPUTED_VALUE"""),45443.6666666666) -> 45443.667 | B91: 6970.74
A92: =IFERROR(__xludf.DUMMYFUNCTION("""COMPUTED_VALUE"""),45446.6666666666) -> 45446.667 | B92: 7036.19
A93: =IFERROR(__xludf.DUMMYFUNCTION("""COMPUTED_VALUE"""),45447.6666666666) -> 45447.667 | B93: 7099.31
A94: =IFERROR(__xludf.DUMMYFUNCTION("""COMPUTED_VALUE"""),45448.6666666666) -> 45448.667 | B94: 6947.67
A95: =IFERROR(__xludf.DUMMYFUNCTION("""COMPUTED_VALUE"""),45449.6666666666) -> 45449.667 | B95: 6974.9
A96: =IFERROR(__xludf.DUMMYFUNCTION("""COMPUTED_VALUE"""),45450.6666666666) -> 45450.667 | B96: 6897.95
A97: =IFERROR(__xludf.DUMMYFUNCTION("""COMPUTED_VALUE"""),45453.6666666666) -> 45453.667 | B97: 6921.55
A98: =IFERROR(__xludf.DUMMYFUNCTION("""COMPUTED_VALUE"""),45454.6666666666) -> 45454.667 | B98: 6855.69
A99: =IFERROR(__xludf.DUMMYFUNCTION("""COMPUTED_VALUE"""),45455.6666666666) -> 45455.667 | B99: 6850.1
A100: =IFERROR(__xludf.DUMMYFUNCTION("""COMPUTED_VALUE"""),45456.6666666666) -> 45456.667 | B100: 6831.56
...

Sheet FUNDAMENTAL
A1: Kode Saham | B1: Tahun | C1: Market Cap (Triliun Rp) | D1: ROE (%) | E1: PER (x) | F1: PBV (x) | G1: Net Profit (Triliun Rp)
A2: BBCA.JK | B2: 2024 | C2: 1150 | D2: 21,80% | E2: 20,98 | F2: 3,85 | G2: 54,84
A3: BBCA.JK | B3: 2025 | C3: 915.3 | D3: 20,43% | E3: 15,90 | F3: 3,25 | G3: 57,54
A5: BBRI.JK | B5: 2024 | C5: 725 | D5: 18,90% | E5: 12,09 | F5: 2,24 | G5: 59,94
A6: BBRI.JK | B6: 2025 | C6: 588.1 | D6: 17,12% | E6: 10,38 | F6: 1,78 | G6: 56,65
A8: BMRI.JK | B8: 2024 | C8: 466.6 | D8: 17,79% | E8: 8,36 | F8: 1,49 | G8: 55,78
A9: BMRI.JK | B9: 2025 | C9: 466.6 | D9: 17,19% | E9: 8,29 | F9: 1,43 | G9: 56,29
A11: BBNI.JK | B11: 2024 | C11: 185.5 | D11: 14,20% | E11: 8,64 | F11: 1,11 | G11: 21,46
A12: BBNI.JK | B12: 2025 | C12: 170.9 | D12: 11,36% | E12: 8,53 | F12: 0,97 | G12: 20,04

Sheet Volatilitas
A1: KODE SAHAM | B1: 2024 | C1: 2025 | D1: KETERANGAN
A2: BBRI | B2: =_xlfn.STDEV.P(BBRI!$H$2:$H$238) -> 0.018331385 | C2: =_xlfn.STDEV.P(BBRI!$H$238:$H$474) -> 0.023397875
A3: BBCA | B3: =_xlfn.STDEV.P(BBCA!$H$2:$H$238) -> 0.013942419 | C3: =_xlfn.STDEV.P(BBCA!$H$238:$H$474) -> 0.018476211
A4: BMRI | B4: =_xlfn.STDEV.P(BMRI!$H$2:$H$238) -> 0.01917473 | C4: =_xlfn.STDEV.P(BMRI!$H$238:$H$474) -> 0.023559962
A5: BBNI | B5: =_xlfn.STDEV.P(BBNI!$H$2:$H$238) -> 0.019025427 | C5: =_xlfn.STDEV.P(BBNI!$H$238:$H$474) -> 0.024222997
